日期,市,省,比例
2020-01-01,北京,北京,0.4028
2020-01-01,天津,天津,0.1664
2020-01-01,德州,山东,0.0351
2020-01-01,聊城,山东,0.0208
2020-01-01,安阳,河南,0.0147
2020-01-01,葫芦岛,辽宁,0.0102
2020-01-01,滨州,山东,0.0094
2020-01-01,大同,山西,0.0091
2020-01-01,济南,山东,0.009000000000000001
2020-01-01,郑州,河南,0.0088
2020-01-01,忻州,山西,0.0084
2020-01-01,晋中,山西,0.0084
2020-01-01,太原,山西,0.0079
2020-01-01,赤峰,内蒙古,0.006999999999999999
2020-01-01,潍坊,山东,0.006999999999999999
2020-01-01,濮阳,河南,0.006500000000000001
2020-01-01,乌兰察布,内蒙古,0.0063
2020-01-01,长治,山西,0.0059
2020-01-01,锡林郭勒盟,内蒙古,0.0055000000000000005
2020-01-01,青岛,山东,0.005
2020-01-01,上海,上海,0.005
2020-01-01,菏泽,山东,0.0048
2020-01-01,沈阳,辽宁,0.0048
2020-01-01,临沂,山东,0.004699999999999999
2020-01-01,哈尔滨,黑龙江,0.004699999999999999
2020-01-01,阳泉,山西,0.0046
2020-01-01,西安,陕西,0.0043
2020-01-01,朝阳,辽宁,0.0042
2020-01-01,榆林,陕西,0.0039
2020-01-01,重庆,重庆,0.0038
2020-01-01,济宁,山东,0.0037
2020-01-01,成都,四川,0.0036
2020-01-01,鄂尔多斯,内蒙古,0.0035
2020-01-01,广州,广东,0.0034
2020-01-01,新乡,河南,0.0034
2020-01-01,呼和浩特,内蒙古,0.0033
2020-01-01,泰安,山东,0.0032
2020-01-01,周口,河南,0.0032
2020-01-01,吕梁,山西,0.003
2020-01-01,淄博,山东,0.003
2020-01-01,武汉,湖北,0.0028000000000000004
2020-01-01,长春,吉林,0.0028000000000000004
2020-01-01,东营,山东,0.0027
2020-01-01,临汾,山西,0.0027
2020-01-01,苏州,江苏,0.0027
2020-01-01,烟台,山东,0.0026
2020-01-01,徐州,江苏,0.0026
2020-01-01,杭州,浙江,0.0024
2020-01-01,南京,江苏,0.0024
2020-01-01,南阳,河南,0.0023
2020-01-02,北京,北京,0.32909999999999995
2020-01-02,天津,天津,0.1238
2020-01-02,德州,山东,0.0201
2020-01-02,聊城,山东,0.013
2020-01-02,郑州,河南,0.0113
2020-01-02,济南,山东,0.011
2020-01-02,安阳,河南,0.0109
2020-01-02,太原,山西,0.0105
2020-01-02,潍坊,山东,0.0095
2020-01-02,晋中,山西,0.0092
2020-01-02,忻州,山西,0.0087
2020-01-02,滨州,山东,0.0085
2020-01-02,大同,山西,0.0083
2020-01-02,重庆,重庆,0.008199999999999999
2020-01-02,青岛,山东,0.008
2020-01-02,赤峰,内蒙古,0.0078
2020-01-02,上海,上海,0.0077
2020-01-02,哈尔滨,黑龙江,0.0075
2020-01-02,临沂,山东,0.0072
2020-01-02,榆林,陕西,0.0071
2020-01-02,葫芦岛,辽宁,0.0071
2020-01-02,长治,山西,0.006999999999999999
2020-01-02,沈阳,辽宁,0.0066
2020-01-02,西安,陕西,0.006500000000000001
2020-01-02,鄂尔多斯,内蒙古,0.0063
2020-01-02,菏泽,山东,0.0059
2020-01-02,成都,四川,0.0054
2020-01-02,乌兰察布,内蒙古,0.0054
2020-01-02,锡林郭勒盟,内蒙古,0.0053
2020-01-02,周口,河南,0.0051
2020-01-02,濮阳,河南,0.0049
2020-01-02,济宁,山东,0.0049
2020-01-02,广州,广东,0.0049
2020-01-02,阳泉,山西,0.004699999999999999
2020-01-02,苏州,江苏,0.004699999999999999
2020-01-02,新乡,河南,0.0045000000000000005
2020-01-02,武汉,湖北,0.0044
2020-01-02,徐州,江苏,0.0043
2020-01-02,淄博,山东,0.0043
2020-01-02,呼和浩特,内蒙古,0.0042
2020-01-02,吕梁,山西,0.0042
2020-01-02,杭州,浙江,0.0041
2020-01-02,烟台,山东,0.004
2020-01-02,运城,山西,0.004
2020-01-02,泰安,山东,0.004
2020-01-02,临汾,山西,0.0039
2020-01-02,三亚,海南,0.0038
2020-01-02,驻马店,河南,0.0037
2020-01-02,长春,吉林,0.0037
2020-01-02,南阳,河南,0.0036
2020-01-03,北京,北京,0.3378
2020-01-03,天津,天津,0.1519
2020-01-03,德州,山东,0.0279
2020-01-03,聊城,山东,0.0182
2020-01-03,安阳,河南,0.0128
2020-01-03,济南,山东,0.0119
2020-01-03,郑州,河南,0.0113
2020-01-03,晋中,山西,0.0105
2020-01-03,滨州,山东,0.0099
2020-01-03,忻州,山西,0.0094
2020-01-03,葫芦岛,辽宁,0.0094
2020-01-03,太原,山西,0.0092
2020-01-03,大同,山西,0.0091
2020-01-03,赤峰,内蒙古,0.0085
2020-01-03,潍坊,山东,0.008199999999999999
2020-01-03,长治,山西,0.0075
2020-01-03,榆林,陕西,0.0069
2020-01-03,青岛,山东,0.0068000000000000005
2020-01-03,上海,上海,0.0067
2020-01-03,哈尔滨,黑龙江,0.0063
2020-01-03,乌兰察布,内蒙古,0.0062
2020-01-03,西安,陕西,0.0061
2020-01-03,沈阳,辽宁,0.0061
2020-01-03,临沂,山东,0.006
2020-01-03,濮阳,河南,0.0058
2020-01-03,菏泽,山东,0.005600000000000001
2020-01-03,鄂尔多斯,内蒙古,0.0055000000000000005
2020-01-03,锡林郭勒盟,内蒙古,0.0053
2020-01-03,阳泉,山西,0.0053
2020-01-03,重庆,重庆,0.0052
2020-01-03,济宁,山东,0.004699999999999999
2020-01-03,周口,河南,0.0045000000000000005
2020-01-03,新乡,河南,0.0043
2020-01-03,成都,四川,0.0043
2020-01-03,朝阳,辽宁,0.0042
2020-01-03,泰安,山东,0.004
2020-01-03,淄博,山东,0.0039
2020-01-03,徐州,江苏,0.0039
2020-01-03,呼和浩特,内蒙古,0.0039
2020-01-03,武汉,湖北,0.0038
2020-01-03,广州,广东,0.0038
2020-01-03,东营,山东,0.0037
2020-01-03,运城,山西,0.0036
2020-01-03,杭州,浙江,0.0035
2020-01-03,吕梁,山西,0.0035
2020-01-03,烟台,山东,0.0035
2020-01-03,长春,吉林,0.0034
2020-01-03,南阳,河南,0.0034
2020-01-03,驻马店,河南,0.0033
2020-01-03,临汾,山西,0.0032
2020-01-04,北京,北京,0.3676
2020-01-04,天津,天津,0.1516
2020-01-04,德州,山东,0.0316
2020-01-04,聊城,山东,0.0212
2020-01-04,安阳,河南,0.0142
2020-01-04,济南,山东,0.011200000000000002
2020-01-04,大同,山西,0.0104
2020-01-04,葫芦岛,辽宁,0.0099
2020-01-04,郑州,河南,0.0098
2020-01-04,晋中,山西,0.0091
2020-01-04,太原,山西,0.0088
2020-01-04,滨州,山东,0.0088
2020-01-04,忻州,山西,0.0086
2020-01-04,赤峰,内蒙古,0.0084
2020-01-04,濮阳,河南,0.0068000000000000005
2020-01-04,上海,上海,0.0068000000000000005
2020-01-04,潍坊,山东,0.0063
2020-01-04,乌兰察布,内蒙古,0.0063
2020-01-04,长治,山西,0.0061
2020-01-04,哈尔滨,黑龙江,0.0054
2020-01-04,沈阳,辽宁,0.0054
2020-01-04,青岛,山东,0.0053
2020-01-04,锡林郭勒盟,内蒙古,0.0051
2020-01-04,菏泽,山东,0.0051
2020-01-04,重庆,重庆,0.0051
2020-01-04,临沂,山东,0.005
2020-01-04,西安,陕西,0.0049
2020-01-04,阳泉,山西,0.004699999999999999
2020-01-04,榆林,陕西,0.0044
2020-01-04,朝阳,辽宁,0.0041
2020-01-04,成都,四川,0.0041
2020-01-04,新乡,河南,0.004
2020-01-04,周口,河南,0.0039
2020-01-04,济宁,山东,0.0038
2020-01-04,武汉,湖北,0.0038
2020-01-04,广州,广东,0.0037
2020-01-04,徐州,江苏,0.0036
2020-01-04,呼和浩特,内蒙古,0.0036
2020-01-04,泰安,山东,0.0036
2020-01-04,淄博,山东,0.0035
2020-01-04,杭州,浙江,0.0034
2020-01-04,苏州,江苏,0.0034
2020-01-04,长春,吉林,0.0033
2020-01-04,临汾,山西,0.0032
2020-01-04,鄂尔多斯,内蒙古,0.003
2020-01-04,吕梁,山西,0.003
2020-01-04,南京,江苏,0.0029
2020-01-04,驻马店,河南,0.0029
2020-01-04,烟台,山东,0.0029
2020-01-04,东营,山东,0.0029
2020-01-05,北京,北京,0.5095000000000001
2020-01-05,天津,天津,0.1419
2020-01-05,德州,山东,0.0262
2020-01-05,聊城,山东,0.0143
2020-01-05,安阳,河南,0.0103
2020-01-05,济南,山东,0.0092
2020-01-05,葫芦岛,辽宁,0.0078
2020-01-05,郑州,河南,0.0078
2020-01-05,大同,山西,0.0077
2020-01-05,太原,山西,0.006500000000000001
2020-01-05,赤峰,内蒙古,0.0062
2020-01-05,上海,上海,0.005699999999999999
2020-01-05,滨州,山东,0.005600000000000001
2020-01-05,沈阳,辽宁,0.0054
2020-01-05,哈尔滨,黑龙江,0.0049
2020-01-05,濮阳,河南,0.0046
2020-01-05,锡林郭勒盟,内蒙古,0.0043
2020-01-05,青岛,山东,0.0043
2020-01-05,西安,陕西,0.0042
2020-01-05,潍坊,山东,0.004
2020-01-05,乌兰察布,内蒙古,0.004
2020-01-05,重庆,重庆,0.0036
2020-01-05,朝阳,辽宁,0.0034
2020-01-05,菏泽,山东,0.0034
2020-01-05,成都,四川,0.0033
2020-01-05,南京,江苏,0.0033
2020-01-05,武汉,湖北,0.003
2020-01-05,晋中,山西,0.0029
2020-01-05,临沂,山东,0.0029
2020-01-05,周口,河南,0.0029
2020-01-05,忻州,山西,0.0029
2020-01-05,苏州,江苏,0.0029
2020-01-05,杭州,浙江,0.0028000000000000004
2020-01-05,长春,吉林,0.0027
2020-01-05,阳泉,山西,0.0027
2020-01-05,济宁,山东,0.0027
2020-01-05,徐州,江苏,0.0027
2020-01-05,广州,广东,0.0026
2020-01-05,新乡,河南,0.0025
2020-01-05,呼和浩特,内蒙古,0.0025
2020-01-05,烟台,山东,0.0025
2020-01-05,淄博,山东,0.0024
2020-01-05,大连,辽宁,0.0023
2020-01-05,深圳,广东,0.0022
2020-01-05,长治,山西,0.002
2020-01-05,商丘,河南,0.002
2020-01-05,驻马店,河南,0.002
2020-01-05,泰安,山东,0.002
2020-01-05,长沙,湖南,0.002
2020-01-05,南阳,河南,0.0019
2020-01-06,北京,北京,0.4494
2020-01-06,天津,天津,0.1315
2020-01-06,德州,山东,0.0268
2020-01-06,聊城,山东,0.0154
2020-01-06,安阳,河南,0.0111
2020-01-06,济南,山东,0.0096
2020-01-06,郑州,河南,0.0095
2020-01-06,太原,山西,0.0086
2020-01-06,葫芦岛,辽宁,0.008
2020-01-06,上海,上海,0.0068000000000000005
2020-01-06,滨州,山东,0.0061
2020-01-06,大同,山西,0.006
2020-01-06,哈尔滨,黑龙江,0.006
2020-01-06,沈阳,辽宁,0.005699999999999999
2020-01-06,赤峰,内蒙古,0.005699999999999999
2020-01-06,重庆,重庆,0.0055000000000000005
2020-01-06,濮阳,河南,0.0052
2020-01-06,西安,陕西,0.0051
2020-01-06,南京,江苏,0.0049
2020-01-06,青岛,山东,0.0048
2020-01-06,晋中,山西,0.004699999999999999
2020-01-06,潍坊,山东,0.004699999999999999
2020-01-06,临沂,山东,0.0043
2020-01-06,成都,四川,0.0042
2020-01-06,菏泽,山东,0.0041
2020-01-06,周口,河南,0.0039
2020-01-06,锡林郭勒盟,内蒙古,0.0037
2020-01-06,忻州,山西,0.0036
2020-01-06,广州,广东,0.0035
2020-01-06,新乡,河南,0.0035
2020-01-06,徐州,江苏,0.0034
2020-01-06,武汉,湖北,0.0033
2020-01-06,长春,吉林,0.0033
2020-01-06,阳泉,山西,0.0032
2020-01-06,乌兰察布,内蒙古,0.0032
2020-01-06,杭州,浙江,0.0031
2020-01-06,朝阳,辽宁,0.0031
2020-01-06,济宁,山东,0.0031
2020-01-06,呼和浩特,内蒙古,0.003
2020-01-06,大连,辽宁,0.0029
2020-01-06,苏州,江苏,0.0029
2020-01-06,南阳,河南,0.0028000000000000004
2020-01-06,驻马店,河南,0.0028000000000000004
2020-01-06,吕梁,山西,0.0027
2020-01-06,长治,山西,0.0027
2020-01-06,临汾,山西,0.0026
2020-01-06,烟台,山东,0.0026
2020-01-06,淄博,山东,0.0025
2020-01-06,商丘,河南,0.0025
2020-01-06,三亚,海南,0.0024
2020-01-07,北京,北京,0.3998
2020-01-07,天津,天津,0.1465
2020-01-07,德州,山东,0.0259
2020-01-07,聊城,山东,0.014
2020-01-07,安阳,河南,0.0109
2020-01-07,济南,山东,0.0099
2020-01-07,郑州,河南,0.0094
2020-01-07,葫芦岛,辽宁,0.0093
2020-01-07,太原,山西,0.0084
2020-01-07,赤峰,内蒙古,0.008100000000000001
2020-01-07,大同,山西,0.0077
2020-01-07,哈尔滨,黑龙江,0.0073
2020-01-07,上海,上海,0.0072
2020-01-07,滨州,山东,0.0064
2020-01-07,沈阳,辽宁,0.0064
2020-01-07,濮阳,河南,0.0058
2020-01-07,潍坊,山东,0.005600000000000001
2020-01-07,锡林郭勒盟,内蒙古,0.0055000000000000005
2020-01-07,西安,陕西,0.0055000000000000005
2020-01-07,重庆,重庆,0.0053
2020-01-07,乌兰察布,内蒙古,0.0051
2020-01-07,青岛,山东,0.005
2020-01-07,成都,四川,0.004699999999999999
2020-01-07,朝阳,辽宁,0.004699999999999999
2020-01-07,周口,河南,0.0046
2020-01-07,南京,江苏,0.0046
2020-01-07,菏泽,山东,0.0042
2020-01-07,晋中,山西,0.0041
2020-01-07,忻州,山西,0.004
2020-01-07,长春,吉林,0.004
2020-01-07,呼和浩特,内蒙古,0.0036
2020-01-07,临沂,山东,0.0036
2020-01-07,榆林,陕西,0.0035
2020-01-07,济宁,山东,0.0034
2020-01-07,新乡,河南,0.0033
2020-01-07,三亚,海南,0.0032
2020-01-07,武汉,湖北,0.0032
2020-01-07,杭州,浙江,0.0031
2020-01-07,南阳,河南,0.0031
2020-01-07,驻马店,河南,0.003
2020-01-07,徐州,江苏,0.003
2020-01-07,广州,广东,0.003
2020-01-07,阳泉,山西,0.003
2020-01-07,苏州,江苏,0.003
2020-01-07,淄博,山东,0.0029
2020-01-07,临汾,山西,0.0029
2020-01-07,运城,山西,0.0027
2020-01-07,商丘,河南,0.0027
2020-01-07,齐齐哈尔,黑龙江,0.0027
2020-01-07,大连,辽宁,0.0027
2020-01-08,北京,北京,0.3676
2020-01-08,天津,天津,0.1467
2020-01-08,德州,山东,0.0283
2020-01-08,聊城,山东,0.0143
2020-01-08,安阳,河南,0.011200000000000002
2020-01-08,济南,山东,0.0107
2020-01-08,郑州,河南,0.0093
2020-01-08,葫芦岛,辽宁,0.0091
2020-01-08,太原,山西,0.0087
2020-01-08,赤峰,内蒙古,0.0085
2020-01-08,大同,山西,0.0079
2020-01-08,哈尔滨,黑龙江,0.0076
2020-01-08,滨州,山东,0.0072
2020-01-08,晋中,山西,0.0071
2020-01-08,上海,上海,0.0069
2020-01-08,沈阳,辽宁,0.006500000000000001
2020-01-08,西安,陕西,0.0063
2020-01-08,忻州,山西,0.0062
2020-01-08,濮阳,河南,0.0058
2020-01-08,重庆,重庆,0.0058
2020-01-08,潍坊,山东,0.005600000000000001
2020-01-08,乌兰察布,内蒙古,0.0054
2020-01-08,锡林郭勒盟,内蒙古,0.0054
2020-01-08,榆林,陕西,0.0053
2020-01-08,青岛,山东,0.0052
2020-01-08,周口,河南,0.004699999999999999
2020-01-08,菏泽,山东,0.0045000000000000005
2020-01-08,成都,四川,0.0045000000000000005
2020-01-08,南京,江苏,0.0045000000000000005
2020-01-08,临沂,山东,0.0044
2020-01-08,长春,吉林,0.0042
2020-01-08,朝阳,辽宁,0.0042
2020-01-08,长治,山西,0.004
2020-01-08,阳泉,山西,0.0038
2020-01-08,呼和浩特,内蒙古,0.0038
2020-01-08,济宁,山东,0.0037
2020-01-08,鄂尔多斯,内蒙古,0.0037
2020-01-08,武汉,湖北,0.0035
2020-01-08,驻马店,河南,0.0034
2020-01-08,新乡,河南,0.0034
2020-01-08,运城,山西,0.0033
2020-01-08,南阳,河南,0.0032
2020-01-08,绥化,黑龙江,0.0032
2020-01-08,苏州,江苏,0.0031
2020-01-08,齐齐哈尔,黑龙江,0.0031
2020-01-08,泰安,山东,0.0031
2020-01-08,临汾,山西,0.0031
2020-01-08,广州,广东,0.0031
2020-01-08,阜阳,安徽,0.003
2020-01-08,徐州,江苏,0.003
2020-01-09,北京,北京,0.3536
2020-01-09,天津,天津,0.1343
2020-01-09,德州,山东,0.0274
2020-01-09,聊城,山东,0.0174
2020-01-09,安阳,河南,0.0118
2020-01-09,郑州,河南,0.0107
2020-01-09,济南,山东,0.0103
2020-01-09,葫芦岛,辽宁,0.0094
2020-01-09,晋中,山西,0.0091
2020-01-09,太原,山西,0.0086
2020-01-09,赤峰,内蒙古,0.0083
2020-01-09,大同,山西,0.008
2020-01-09,哈尔滨,黑龙江,0.0073
2020-01-09,上海,上海,0.006999999999999999
2020-01-09,滨州,山东,0.0068000000000000005
2020-01-09,潍坊,山东,0.0064
2020-01-09,重庆,重庆,0.0064
2020-01-09,长治,山西,0.0063
2020-01-09,沈阳,辽宁,0.0063
2020-01-09,西安,陕西,0.0061
2020-01-09,周口,河南,0.006
2020-01-09,濮阳,河南,0.005699999999999999
2020-01-09,菏泽,山东,0.005699999999999999
2020-01-09,乌兰察布,内蒙古,0.0055000000000000005
2020-01-09,青岛,山东,0.0054
2020-01-09,忻州,山西,0.0053
2020-01-09,锡林郭勒盟,内蒙古,0.0051
2020-01-09,临沂,山东,0.0049
2020-01-09,成都,四川,0.0045000000000000005
2020-01-09,南阳,河南,0.0044
2020-01-09,驻马店,河南,0.0044
2020-01-09,朝阳,辽宁,0.0043
2020-01-09,济宁,山东,0.004
2020-01-09,新乡,河南,0.004
2020-01-09,武汉,湖北,0.004
2020-01-09,阜阳,安徽,0.004
2020-01-09,运城,山西,0.004
2020-01-09,长春,吉林,0.0038
2020-01-09,阳泉,山西,0.0036
2020-01-09,南京,江苏,0.0036
2020-01-09,徐州,江苏,0.0036
2020-01-09,泰安,山东,0.0035
2020-01-09,信阳,河南,0.0034
2020-01-09,商丘,河南,0.0032
2020-01-09,淄博,山东,0.0031
2020-01-09,广州,广东,0.0031
2020-01-09,齐齐哈尔,黑龙江,0.0031
2020-01-09,榆林,陕西,0.0031
2020-01-09,呼和浩特,内蒙古,0.0031
2020-01-09,许昌,河南,0.003
2020-01-10,北京,北京,0.3717
2020-01-10,天津,天津,0.1477
2020-01-10,德州,山东,0.0276
2020-01-10,聊城,山东,0.0181
2020-01-10,安阳,河南,0.0128
2020-01-10,郑州,河南,0.0117
2020-01-10,济南,山东,0.0107
2020-01-10,晋中,山西,0.0101
2020-01-10,葫芦岛,辽宁,0.0093
2020-01-10,太原,山西,0.0091
2020-01-10,大同,山西,0.0089
2020-01-10,赤峰,内蒙古,0.0083
2020-01-10,滨州,山东,0.0078
2020-01-10,潍坊,山东,0.006999999999999999
2020-01-10,忻州,山西,0.0069
2020-01-10,长治,山西,0.0064
2020-01-10,上海,上海,0.0062
2020-01-10,濮阳,河南,0.0062
2020-01-10,哈尔滨,黑龙江,0.0059
2020-01-10,乌兰察布,内蒙古,0.0059
2020-01-10,菏泽,山东,0.0059
2020-01-10,青岛,山东,0.0059
2020-01-10,沈阳,辽宁,0.0059
2020-01-10,临沂,山东,0.005699999999999999
2020-01-10,西安,陕西,0.005699999999999999
2020-01-10,周口,河南,0.0053
2020-01-10,锡林郭勒盟,内蒙古,0.0051
2020-01-10,重庆,重庆,0.0045000000000000005
2020-01-10,阳泉,山西,0.0045000000000000005
2020-01-10,泰安,山东,0.0042
2020-01-10,济宁,山东,0.0042
2020-01-10,朝阳,辽宁,0.0042
2020-01-10,新乡,河南,0.0041
2020-01-10,南阳,河南,0.004
2020-01-10,武汉,湖北,0.004
2020-01-10,徐州,江苏,0.0039
2020-01-10,驻马店,河南,0.0037
2020-01-10,成都,四川,0.0036
2020-01-10,榆林,陕西,0.0035
2020-01-10,南京,江苏,0.0035
2020-01-10,淄博,山东,0.0035
2020-01-10,长春,吉林,0.0034
2020-01-10,阜阳,安徽,0.0033
2020-01-10,鄂尔多斯,内蒙古,0.0032
2020-01-10,呼和浩特,内蒙古,0.0031
2020-01-10,商丘,河南,0.003
2020-01-10,吕梁,山西,0.003
2020-01-10,信阳,河南,0.003
2020-01-10,运城,山西,0.0029
2020-01-10,临汾,山西,0.0029
2020-01-11,北京,北京,0.3544
2020-01-11,天津,天津,0.1514
2020-01-11,德州,山东,0.032400000000000005
2020-01-11,聊城,山东,0.0192
2020-01-11,安阳,河南,0.0137
2020-01-11,晋中,山西,0.0131
2020-01-11,济南,山东,0.0108
2020-01-11,葫芦岛,辽宁,0.0101
2020-01-11,郑州,河南,0.01
2020-01-11,太原,山西,0.0095
2020-01-11,大同,山西,0.0095
2020-01-11,忻州,山西,0.0087
2020-01-11,滨州,山东,0.0085
2020-01-11,赤峰,内蒙古,0.008100000000000001
2020-01-11,哈尔滨,黑龙江,0.0068000000000000005
2020-01-11,濮阳,河南,0.0064
2020-01-11,乌兰察布,内蒙古,0.0064
2020-01-11,潍坊,山东,0.0063
2020-01-11,西安,陕西,0.0058
2020-01-11,沈阳,辽宁,0.0058
2020-01-11,临沂,山东,0.005699999999999999
2020-01-11,上海,上海,0.005600000000000001
2020-01-11,周口,河南,0.0054
2020-01-11,菏泽,山东,0.0053
2020-01-11,锡林郭勒盟,内蒙古,0.0053
2020-01-11,青岛,山东,0.0051
2020-01-11,榆林,陕西,0.0051
2020-01-11,重庆,重庆,0.0051
2020-01-11,阳泉,山西,0.004699999999999999
2020-01-11,长治,山西,0.0043
2020-01-11,成都,四川,0.0041
2020-01-11,朝阳,辽宁,0.004
2020-01-11,济宁,山东,0.004
2020-01-11,驻马店,河南,0.0038
2020-01-11,南阳,河南,0.0038
2020-01-11,运城,山西,0.0038
2020-01-11,新乡,河南,0.0037
2020-01-11,徐州,江苏,0.0036
2020-01-11,许昌,河南,0.0036
2020-01-11,武汉,湖北,0.0035
2020-01-11,泰安,山东,0.0035
2020-01-11,淄博,山东,0.0033
2020-01-11,鄂尔多斯,内蒙古,0.0033
2020-01-11,广州,广东,0.0032
2020-01-11,阜阳,安徽,0.0032
2020-01-11,长春,吉林,0.0032
2020-01-11,呼和浩特,内蒙古,0.0032
2020-01-11,商丘,河南,0.0031
2020-01-11,南京,江苏,0.0031
2020-01-11,临汾,山西,0.0029
2020-01-12,北京,北京,0.3789
2020-01-12,天津,天津,0.1409
2020-01-12,德州,山东,0.0304
2020-01-12,聊城,山东,0.0188
2020-01-12,安阳,河南,0.0133
2020-01-12,晋中,山西,0.0119
2020-01-12,济南,山东,0.0094
2020-01-12,葫芦岛,辽宁,0.0092
2020-01-12,郑州,河南,0.0089
2020-01-12,大同,山西,0.0087
2020-01-12,太原,山西,0.0083
2020-01-12,滨州,山东,0.008
2020-01-12,赤峰,内蒙古,0.0077
2020-01-12,忻州,山西,0.0074
2020-01-12,哈尔滨,黑龙江,0.0069
2020-01-12,濮阳,河南,0.0066
2020-01-12,潍坊,山东,0.0061
2020-01-12,长治,山西,0.0059
2020-01-12,乌兰察布,内蒙古,0.0058
2020-01-12,西安,陕西,0.005600000000000001
2020-01-12,沈阳,辽宁,0.0055000000000000005
2020-01-12,菏泽,山东,0.0055000000000000005
2020-01-12,周口,河南,0.0054
2020-01-12,上海,上海,0.0053
2020-01-12,临沂,山东,0.0052
2020-01-12,重庆,重庆,0.0051
2020-01-12,锡林郭勒盟,内蒙古,0.0048
2020-01-12,青岛,山东,0.0046
2020-01-12,南阳,河南,0.0044
2020-01-12,阳泉,山西,0.0043
2020-01-12,济宁,山东,0.0042
2020-01-12,榆林,陕西,0.0041
2020-01-12,成都,四川,0.0041
2020-01-12,驻马店,河南,0.004
2020-01-12,朝阳,辽宁,0.004
2020-01-12,阜阳,安徽,0.0039
2020-01-12,新乡,河南,0.0036
2020-01-12,运城,山西,0.0035
2020-01-12,徐州,江苏,0.0035
2020-01-12,泰安,山东,0.0035
2020-01-12,鄂尔多斯,内蒙古,0.0035
2020-01-12,信阳,河南,0.0034
2020-01-12,长春,吉林,0.0033
2020-01-12,商丘,河南,0.0033
2020-01-12,武汉,湖北,0.0033
2020-01-12,淄博,山东,0.0031
2020-01-12,南京,江苏,0.0031
2020-01-12,呼和浩特,内蒙古,0.003
2020-01-12,许昌,河南,0.003
2020-01-12,东营,山东,0.0028000000000000004
2020-01-13,北京,北京,0.4688000000000001
2020-01-13,天津,天津,0.1224
2020-01-13,德州,山东,0.0263
2020-01-13,聊城,山东,0.0156
2020-01-13,安阳,河南,0.0115
2020-01-13,济南,山东,0.0084
2020-01-13,郑州,河南,0.0083
2020-01-13,葫芦岛,辽宁,0.008100000000000001
2020-01-13,大同,山西,0.0078
2020-01-13,晋中,山西,0.0077
2020-01-13,太原,山西,0.0073
2020-01-13,赤峰,内蒙古,0.0067
2020-01-13,滨州,山东,0.006
2020-01-13,哈尔滨,黑龙江,0.006
2020-01-13,濮阳,河南,0.0055000000000000005
2020-01-13,忻州,山西,0.005
2020-01-13,西安,陕西,0.0049
2020-01-13,沈阳,辽宁,0.0048
2020-01-13,上海,上海,0.004699999999999999
2020-01-13,长治,山西,0.004699999999999999
2020-01-13,潍坊,山东,0.0046
2020-01-13,重庆,重庆,0.0046
2020-01-13,周口,河南,0.0045000000000000005
2020-01-13,乌兰察布,内蒙古,0.0045000000000000005
2020-01-13,菏泽,山东,0.0043
2020-01-13,阳泉,山西,0.0041
2020-01-13,青岛,山东,0.0039
2020-01-13,锡林郭勒盟,内蒙古,0.0039
2020-01-13,南阳,河南,0.0037
2020-01-13,成都,四川,0.0037
2020-01-13,驻马店,河南,0.0036
2020-01-13,临沂,山东,0.0035
2020-01-13,朝阳,辽宁,0.0034
2020-01-13,阜阳,安徽,0.0033
2020-01-13,济宁,山东,0.0033
2020-01-13,运城,山西,0.0033
2020-01-13,新乡,河南,0.003
2020-01-13,徐州,江苏,0.0029
2020-01-13,长春,吉林,0.0029
2020-01-13,南京,江苏,0.0028000000000000004
2020-01-13,武汉,湖北,0.0028000000000000004
2020-01-13,吕梁,山西,0.0027
2020-01-13,呼和浩特,内蒙古,0.0027
2020-01-13,商丘,河南,0.0027
2020-01-13,许昌,河南,0.0026
2020-01-13,广州,广东,0.0026
2020-01-13,榆林,陕西,0.0026
2020-01-13,泰安,山东,0.0026
2020-01-13,信阳,河南,0.0026
2020-01-13,临汾,山西,0.0024
2020-01-14,北京,北京,0.3773
2020-01-14,天津,天津,0.1328
2020-01-14,德州,山东,0.0315
2020-01-14,聊城,山东,0.0186
2020-01-14,安阳,河南,0.013500000000000002
2020-01-14,郑州,河南,0.0099
2020-01-14,葫芦岛,辽宁,0.0094
2020-01-14,济南,山东,0.0092
2020-01-14,赤峰,内蒙古,0.0086
2020-01-14,大同,山西,0.0085
2020-01-14,太原,山西,0.0083
2020-01-14,哈尔滨,黑龙江,0.0077
2020-01-14,晋中,山西,0.0075
2020-01-14,滨州,山东,0.0074
2020-01-14,忻州,山西,0.0064
2020-01-14,周口,河南,0.0064
2020-01-14,濮阳,河南,0.0063
2020-01-14,西安,陕西,0.0061
2020-01-14,上海,上海,0.0059
2020-01-14,重庆,重庆,0.005699999999999999
2020-01-14,菏泽,山东,0.005699999999999999
2020-01-14,乌兰察布,内蒙古,0.0055000000000000005
2020-01-14,沈阳,辽宁,0.0054
2020-01-14,锡林郭勒盟,内蒙古,0.0052
2020-01-14,南阳,河南,0.0051
2020-01-14,潍坊,山东,0.0049
2020-01-14,阜阳,安徽,0.0046
2020-01-14,驻马店,河南,0.0046
2020-01-14,朝阳,辽宁,0.0046
2020-01-14,青岛,山东,0.0045000000000000005
2020-01-14,长治,山西,0.0044
2020-01-14,成都,四川,0.0043
2020-01-14,临沂,山东,0.0042
2020-01-14,济宁,山东,0.0039
2020-01-14,运城,山西,0.0039
2020-01-14,阳泉,山西,0.0038
2020-01-14,新乡,河南,0.0038
2020-01-14,鄂尔多斯,内蒙古,0.0034
2020-01-14,商丘,河南,0.0034
2020-01-14,长春,吉林,0.0033
2020-01-14,绥化,黑龙江,0.0033
2020-01-14,呼和浩特,内蒙古,0.0032
2020-01-14,武汉,湖北,0.0032
2020-01-14,信阳,河南,0.0032
2020-01-14,徐州,江苏,0.0031
2020-01-14,亳州,安徽,0.0031
2020-01-14,广州,广东,0.003
2020-01-14,临汾,山西,0.003
2020-01-14,泰安,山东,0.0029
2020-01-14,南京,江苏,0.0029
2020-01-15,北京,北京,0.35340000000000005
2020-01-15,天津,天津,0.1303
2020-01-15,德州,山东,0.0321
2020-01-15,聊城,山东,0.0202
2020-01-15,安阳,河南,0.0147
2020-01-15,郑州,河南,0.0101
2020-01-15,济南,山东,0.0096
2020-01-15,赤峰,内蒙古,0.0091
2020-01-15,晋中,山西,0.009000000000000001
2020-01-15,葫芦岛,辽宁,0.0089
2020-01-15,周口,河南,0.0087
2020-01-15,大同,山西,0.0086
2020-01-15,濮阳,河南,0.0083
2020-01-15,哈尔滨,黑龙江,0.008100000000000001
2020-01-15,太原,山西,0.0079
2020-01-15,滨州,山东,0.0073
2020-01-15,菏泽,山东,0.0067
2020-01-15,阜阳,安徽,0.0066
2020-01-15,忻州,山西,0.0064
2020-01-15,西安,陕西,0.0062
2020-01-15,驻马店,河南,0.0058
2020-01-15,沈阳,辽宁,0.005699999999999999
2020-01-15,重庆,重庆,0.005600000000000001
2020-01-15,南阳,河南,0.0053
2020-01-15,上海,上海,0.0053
2020-01-15,潍坊,山东,0.0051
2020-01-15,乌兰察布,内蒙古,0.0051
2020-01-15,锡林郭勒盟,内蒙古,0.005
2020-01-15,长治,山西,0.0048
2020-01-15,运城,山西,0.004699999999999999
2020-01-15,商丘,河南,0.0046
2020-01-15,临沂,山东,0.0045000000000000005
2020-01-15,济宁,山东,0.0044
2020-01-15,朝阳,辽宁,0.0044
2020-01-15,成都,四川,0.0042
2020-01-15,阳泉,山西,0.0042
2020-01-15,青岛,山东,0.0042
2020-01-15,新乡,河南,0.0041
2020-01-15,信阳,河南,0.004
2020-01-15,许昌,河南,0.0038
2020-01-15,徐州,江苏,0.0037
2020-01-15,亳州,安徽,0.0037
2020-01-15,绥化,黑龙江,0.0035
2020-01-15,泰安,山东,0.0035
2020-01-15,齐齐哈尔,黑龙江,0.0035
2020-01-15,长春,吉林,0.0033
2020-01-15,临汾,山西,0.0033
2020-01-15,武汉,湖北,0.0032
2020-01-15,呼和浩特,内蒙古,0.0031
2020-01-15,开封,河南,0.0029
2020-01-16,北京,北京,0.3574
2020-01-16,天津,天津,0.12710000000000002
2020-01-16,德州,山东,0.031
2020-01-16,聊城,山东,0.0182
2020-01-16,安阳,河南,0.0145
2020-01-16,郑州,河南,0.0093
2020-01-16,葫芦岛,辽宁,0.0093
2020-01-16,大同,山西,0.009000000000000001
2020-01-16,周口,河南,0.0089
2020-01-16,济南,山东,0.0088
2020-01-16,赤峰,内蒙古,0.0087
2020-01-16,哈尔滨,黑龙江,0.0083
2020-01-16,太原,山西,0.0083
2020-01-16,濮阳,河南,0.0079
2020-01-16,晋中,山西,0.0075
2020-01-16,滨州,山东,0.0074
2020-01-16,菏泽,山东,0.0073
2020-01-16,忻州,山西,0.0069
2020-01-16,重庆,重庆,0.006
2020-01-16,阜阳,安徽,0.006
2020-01-16,上海,上海,0.005699999999999999
2020-01-16,沈阳,辽宁,0.005600000000000001
2020-01-16,驻马店,河南,0.005600000000000001
2020-01-16,南阳,河南,0.0054
2020-01-16,西安,陕西,0.0053
2020-01-16,乌兰察布,内蒙古,0.0052
2020-01-16,商丘,河南,0.0049
2020-01-16,锡林郭勒盟,内蒙古,0.0049
2020-01-16,潍坊,山东,0.0049
2020-01-16,朝阳,辽宁,0.0046
2020-01-16,青岛,山东,0.0045000000000000005
2020-01-16,济宁,山东,0.0044
2020-01-16,新乡,河南,0.0044
2020-01-16,运城,山西,0.0044
2020-01-16,临沂,山东,0.0043
2020-01-16,成都,四川,0.0043
2020-01-16,阳泉,山西,0.0043
2020-01-16,长治,山西,0.0043
2020-01-16,信阳,河南,0.0042
2020-01-16,许昌,河南,0.0041
2020-01-16,临汾,山西,0.004
2020-01-16,泰安,山东,0.0038
2020-01-16,长春,吉林,0.0037
2020-01-16,亳州,安徽,0.0037
2020-01-16,绥化,黑龙江,0.0037
2020-01-16,徐州,江苏,0.0037
2020-01-16,武汉,湖北,0.0034
2020-01-16,齐齐哈尔,黑龙江,0.0033
2020-01-16,呼和浩特,内蒙古,0.0033
2020-01-16,开封,河南,0.0031
2020-01-17,北京,北京,0.3385
2020-01-17,天津,天津,0.1275
2020-01-17,德州,山东,0.0338
2020-01-17,聊城,山东,0.0188
2020-01-17,安阳,河南,0.0158
2020-01-17,大同,山西,0.0098
2020-01-17,葫芦岛,辽宁,0.0096
2020-01-17,郑州,河南,0.0094
2020-01-17,晋中,山西,0.0094
2020-01-17,济南,山东,0.0092
2020-01-17,周口,河南,0.0087
2020-01-17,哈尔滨,黑龙江,0.0087
2020-01-17,赤峰,内蒙古,0.0086
2020-01-17,太原,山西,0.008100000000000001
2020-01-17,濮阳,河南,0.008
2020-01-17,滨州,山东,0.0078
2020-01-17,忻州,山西,0.0069
2020-01-17,菏泽,山东,0.0068000000000000005
2020-01-17,驻马店,河南,0.0063
2020-01-17,重庆,重庆,0.0063
2020-01-17,南阳,河南,0.0062
2020-01-17,西安,陕西,0.0061
2020-01-17,阜阳,安徽,0.006
2020-01-17,沈阳,辽宁,0.0059
2020-01-17,上海,上海,0.0055000000000000005
2020-01-17,锡林郭勒盟,内蒙古,0.005
2020-01-17,乌兰察布,内蒙古,0.0048
2020-01-17,潍坊,山东,0.004699999999999999
2020-01-17,朝阳,辽宁,0.0046
2020-01-17,青岛,山东,0.0045000000000000005
2020-01-17,新乡,河南,0.0044
2020-01-17,济宁,山东,0.0044
2020-01-17,商丘,河南,0.0043
2020-01-17,信阳,河南,0.0043
2020-01-17,运城,山西,0.0042
2020-01-17,临沂,山东,0.0041
2020-01-17,长治,山西,0.0041
2020-01-17,阳泉,山西,0.0041
2020-01-17,绥化,黑龙江,0.004
2020-01-17,成都,四川,0.004
2020-01-17,许昌,河南,0.004
2020-01-17,齐齐哈尔,黑龙江,0.0039
2020-01-17,长春,吉林,0.0038
2020-01-17,泰安,山东,0.0038
2020-01-17,徐州,江苏,0.0037
2020-01-17,武汉,湖北,0.0036
2020-01-17,亳州,安徽,0.0034
2020-01-17,临汾,山西,0.0032
2020-01-17,开封,河南,0.0029
2020-01-17,呼和浩特,内蒙古,0.0029
2020-01-18,北京,北京,0.3157
2020-01-18,天津,天津,0.1366
2020-01-18,德州,山东,0.0368
2020-01-18,聊城,山东,0.0206
2020-01-18,安阳,河南,0.017
2020-01-18,大同,山西,0.0105
2020-01-18,晋中,山西,0.0104
2020-01-18,葫芦岛,辽宁,0.01
2020-01-18,赤峰,内蒙古,0.01
2020-01-18,濮阳,河南,0.0097
2020-01-18,周口,河南,0.0094
2020-01-18,济南,山东,0.0089
2020-01-18,郑州,河南,0.0087
2020-01-18,太原,山西,0.0083
2020-01-18,哈尔滨,黑龙江,0.008199999999999999
2020-01-18,菏泽,山东,0.0076
2020-01-18,滨州,山东,0.0073
2020-01-18,阜阳,安徽,0.0071
2020-01-18,忻州,山西,0.0064
2020-01-18,西安,陕西,0.0063
2020-01-18,驻马店,河南,0.0061
2020-01-18,重庆,重庆,0.006
2020-01-18,南阳,河南,0.006
2020-01-18,长治,山西,0.0059
2020-01-18,沈阳,辽宁,0.005699999999999999
2020-01-18,乌兰察布,内蒙古,0.0055000000000000005
2020-01-18,锡林郭勒盟,内蒙古,0.0053
2020-01-18,朝阳,辽宁,0.005
2020-01-18,商丘,河南,0.005
2020-01-18,新乡,河南,0.0048
2020-01-18,上海,上海,0.0048
2020-01-18,潍坊,山东,0.004699999999999999
2020-01-18,运城,山西,0.0044
2020-01-18,青岛,山东,0.0044
2020-01-18,阳泉,山西,0.0044
2020-01-18,济宁,山东,0.0044
2020-01-18,泰安,山东,0.0043
2020-01-18,临沂,山东,0.0043
2020-01-18,齐齐哈尔,黑龙江,0.004
2020-01-18,长春,吉林,0.004
2020-01-18,成都,四川,0.0039
2020-01-18,徐州,江苏,0.0039
2020-01-18,绥化,黑龙江,0.0038
2020-01-18,信阳,河南,0.0037
2020-01-18,亳州,安徽,0.0036
2020-01-18,临汾,山西,0.0033
2020-01-18,武汉,湖北,0.0033
2020-01-18,开封,河南,0.0032
2020-01-18,锦州,辽宁,0.0031
2020-01-18,洛阳,河南,0.0031
2020-01-19,北京,北京,0.3582
2020-01-19,天津,天津,0.1219
2020-01-19,德州,山东,0.0353
2020-01-19,聊城,山东,0.0196
2020-01-19,安阳,河南,0.0166
2020-01-19,赤峰,内蒙古,0.0105
2020-01-19,葫芦岛,辽宁,0.0105
2020-01-19,大同,山西,0.0103
2020-01-19,濮阳,河南,0.0098
2020-01-19,周口,河南,0.0095
2020-01-19,济南,山东,0.0086
2020-01-19,郑州,河南,0.008100000000000001
2020-01-19,太原,山西,0.008
2020-01-19,菏泽,山东,0.008
2020-01-19,晋中,山西,0.0077
2020-01-19,哈尔滨,黑龙江,0.006999999999999999
2020-01-19,滨州,山东,0.0067
2020-01-19,阜阳,安徽,0.0064
2020-01-19,忻州,山西,0.0062
2020-01-19,西安,陕西,0.006
2020-01-19,驻马店,河南,0.005699999999999999
2020-01-19,南阳,河南,0.005600000000000001
2020-01-19,沈阳,辽宁,0.0055000000000000005
2020-01-19,长治,山西,0.0054
2020-01-19,朝阳,辽宁,0.0053
2020-01-19,商丘,河南,0.0051
2020-01-19,济宁,山东,0.005
2020-01-19,乌兰察布,内蒙古,0.0049
2020-01-19,重庆,重庆,0.0049
2020-01-19,锡林郭勒盟,内蒙古,0.0049
2020-01-19,上海,上海,0.0046
2020-01-19,新乡,河南,0.0045000000000000005
2020-01-19,运城,山西,0.0043
2020-01-19,泰安,山东,0.0043
2020-01-19,潍坊,山东,0.0042
2020-01-19,阳泉,山西,0.0042
2020-01-19,临沂,山东,0.0041
2020-01-19,徐州,江苏,0.0039
2020-01-19,信阳,河南,0.0039
2020-01-19,青岛,山东,0.0038
2020-01-19,临汾,山西,0.0037
2020-01-19,长春,吉林,0.0037
2020-01-19,成都,四川,0.0035
2020-01-19,齐齐哈尔,黑龙江,0.0035
2020-01-19,开封,河南,0.0034
2020-01-19,绥化,黑龙江,0.0032
2020-01-19,亳州,安徽,0.0032
2020-01-19,武汉,湖北,0.0031
2020-01-19,锦州,辽宁,0.003
2020-01-19,呼和浩特,内蒙古,0.0029
2020-01-20,北京,北京,0.3169
2020-01-20,天津,天津,0.1226
2020-01-20,德州,山东,0.0396
2020-01-20,聊城,山东,0.0215
2020-01-20,安阳,河南,0.018000000000000002
2020-01-20,大同,山西,0.0114
2020-01-20,赤峰,内蒙古,0.0109
2020-01-20,周口,河南,0.0107
2020-01-20,葫芦岛,辽宁,0.0105
2020-01-20,濮阳,河南,0.0103
2020-01-20,菏泽,山东,0.01
2020-01-20,哈尔滨,黑龙江,0.0083
2020-01-20,济南,山东,0.0083
2020-01-20,郑州,河南,0.008199999999999999
2020-01-20,阜阳,安徽,0.0077
2020-01-20,晋中,山西,0.0076
2020-01-20,太原,山西,0.0074
2020-01-20,滨州,山东,0.0068000000000000005
2020-01-20,西安,陕西,0.0066
2020-01-20,驻马店,河南,0.0063
2020-01-20,沈阳,辽宁,0.0063
2020-01-20,济宁,山东,0.0062
2020-01-20,朝阳,辽宁,0.0059
2020-01-20,忻州,山西,0.0059
2020-01-20,南阳,河南,0.0058
2020-01-20,长治,山西,0.005600000000000001
2020-01-20,锡林郭勒盟,内蒙古,0.0055000000000000005
2020-01-20,商丘,河南,0.0055000000000000005
2020-01-20,泰安,山东,0.0055000000000000005
2020-01-20,乌兰察布,内蒙古,0.0054
2020-01-20,重庆,重庆,0.0053
2020-01-20,信阳,河南,0.0052
2020-01-20,运城,山西,0.0051
2020-01-20,徐州,江苏,0.005
2020-01-20,潍坊,山东,0.0048
2020-01-20,临沂,山东,0.0045000000000000005
2020-01-20,新乡,河南,0.0044
2020-01-20,阳泉,山西,0.0043
2020-01-20,亳州,安徽,0.0042
2020-01-20,青岛,山东,0.0042
2020-01-20,临汾,山西,0.0041
2020-01-20,上海,上海,0.004
2020-01-20,长春,吉林,0.004
2020-01-20,成都,四川,0.0039
2020-01-20,开封,河南,0.0036
2020-01-20,齐齐哈尔,黑龙江,0.0035
2020-01-20,绥化,黑龙江,0.0033
2020-01-20,锦州,辽宁,0.0032
2020-01-20,武汉,湖北,0.003
2020-01-20,呼和浩特,内蒙古,0.003
2020-01-21,北京,北京,0.2871
2020-01-21,天津,天津,0.1235
2020-01-21,德州,山东,0.0408
2020-01-21,聊城,山东,0.0232
2020-01-21,安阳,河南,0.0182
2020-01-21,赤峰,内蒙古,0.0131
2020-01-21,大同,山西,0.0125
2020-01-21,葫芦岛,辽宁,0.0115
2020-01-21,菏泽,山东,0.0106
2020-01-21,濮阳,河南,0.0103
2020-01-21,周口,河南,0.0102
2020-01-21,哈尔滨,黑龙江,0.0088
2020-01-21,济南,山东,0.0086
2020-01-21,晋中,山西,0.008
2020-01-21,郑州,河南,0.0075
2020-01-21,太原,山西,0.0074
2020-01-21,滨州,山东,0.0073
2020-01-21,朝阳,辽宁,0.0072
2020-01-21,阜阳,安徽,0.006999999999999999
2020-01-21,重庆,重庆,0.0063
2020-01-21,泰安,山东,0.0063
2020-01-21,锡林郭勒盟,内蒙古,0.0063
2020-01-21,忻州,山西,0.0062
2020-01-21,乌兰察布,内蒙古,0.0062
2020-01-21,沈阳,辽宁,0.0061
2020-01-21,长治,山西,0.006
2020-01-21,驻马店,河南,0.006
2020-01-21,西安,陕西,0.0059
2020-01-21,南阳,河南,0.0059
2020-01-21,济宁,山东,0.0055000000000000005
2020-01-21,商丘,河南,0.0051
2020-01-21,阳泉,山西,0.0051
2020-01-21,潍坊,山东,0.005
2020-01-21,新乡,河南,0.0048
2020-01-21,信阳,河南,0.0048
2020-01-21,临沂,山东,0.0048
2020-01-21,临汾,山西,0.004699999999999999
2020-01-21,上海,上海,0.0046
2020-01-21,运城,山西,0.0045000000000000005
2020-01-21,徐州,江苏,0.0044
2020-01-21,长春,吉林,0.0043
2020-01-21,齐齐哈尔,黑龙江,0.004
2020-01-21,成都,四川,0.0039
2020-01-21,青岛,山东,0.0038
2020-01-21,锦州,辽宁,0.0036
2020-01-21,绥化,黑龙江,0.0036
2020-01-21,亳州,安徽,0.0035
2020-01-21,开封,河南,0.0033
2020-01-21,烟台,山东,0.0033
2020-01-21,呼和浩特,内蒙古,0.0031
2020-01-22,北京,北京,0.2818
2020-01-22,天津,天津,0.1294
2020-01-22,德州,山东,0.0458
2020-01-22,聊城,山东,0.024
2020-01-22,安阳,河南,0.0206
2020-01-22,葫芦岛,辽宁,0.0154
2020-01-22,赤峰,内蒙古,0.0136
2020-01-22,大同,山西,0.013500000000000002
2020-01-22,濮阳,河南,0.0113
2020-01-22,菏泽,山东,0.0098
2020-01-22,周口,河南,0.0092
2020-01-22,哈尔滨,黑龙江,0.0088
2020-01-22,锡林郭勒盟,内蒙古,0.008
2020-01-22,朝阳,辽宁,0.008
2020-01-22,济南,山东,0.0078
2020-01-22,晋中,山西,0.0077
2020-01-22,乌兰察布,内蒙古,0.0074
2020-01-22,滨州,山东,0.0071
2020-01-22,太原,山西,0.0067
2020-01-22,泰安,山东,0.0067
2020-01-22,郑州,河南,0.0067
2020-01-22,西安,陕西,0.0063
2020-01-22,沈阳,辽宁,0.0062
2020-01-22,忻州,山西,0.005699999999999999
2020-01-22,重庆,重庆,0.0055000000000000005
2020-01-22,阜阳,安徽,0.0054
2020-01-22,长治,山西,0.0054
2020-01-22,济宁,山东,0.0053
2020-01-22,阳泉,山西,0.0053
2020-01-22,驻马店,河南,0.0052
2020-01-22,潍坊,山东,0.0051
2020-01-22,南阳,河南,0.005
2020-01-22,上海,上海,0.0048
2020-01-22,商丘,河南,0.004699999999999999
2020-01-22,运城,山西,0.0046
2020-01-22,信阳,河南,0.0045000000000000005
2020-01-22,临沂,山东,0.0045000000000000005
2020-01-22,锦州,辽宁,0.0045000000000000005
2020-01-22,新乡,河南,0.0044
2020-01-22,长春,吉林,0.0044
2020-01-22,徐州,江苏,0.0044
2020-01-22,临汾,山西,0.0043
2020-01-22,齐齐哈尔,黑龙江,0.0038
2020-01-22,青岛,山东,0.0037
2020-01-22,成都,四川,0.0035
2020-01-22,绥化,黑龙江,0.0034
2020-01-22,三亚,海南,0.0033
2020-01-22,烟台,山东,0.0031
2020-01-22,呼和浩特,内蒙古,0.0031
2020-01-22,大连,辽宁,0.0031
2020-01-23,北京,北京,0.2482
2020-01-23,天津,天津,0.12539999999999998
2020-01-23,德州,山东,0.0509
2020-01-23,聊城,山东,0.0281
2020-01-23,安阳,河南,0.0229
2020-01-23,葫芦岛,辽宁,0.0187
2020-01-23,大同,山西,0.0141
2020-01-23,赤峰,内蒙古,0.0127
2020-01-23,菏泽,山东,0.012
2020-01-23,濮阳,河南,0.0116
2020-01-23,周口,河南,0.0103
2020-01-23,乌兰察布,内蒙古,0.0091
2020-01-23,锡林郭勒盟,内蒙古,0.0086
2020-01-23,朝阳,辽宁,0.0085
2020-01-23,滨州,山东,0.0084
2020-01-23,哈尔滨,黑龙江,0.0083
2020-01-23,晋中,山西,0.008
2020-01-23,西安,陕西,0.0072
2020-01-23,济南,山东,0.006999999999999999
2020-01-23,泰安,山东,0.0067
2020-01-23,太原,山西,0.0063
2020-01-23,阜阳,安徽,0.006
2020-01-23,重庆,重庆,0.006
2020-01-23,沈阳,辽宁,0.0059
2020-01-23,长治,山西,0.0058
2020-01-23,郑州,河南,0.005600000000000001
2020-01-23,济宁,山东,0.0055000000000000005
2020-01-23,阳泉,山西,0.0055000000000000005
2020-01-23,商丘,河南,0.0054
2020-01-23,忻州,山西,0.0054
2020-01-23,潍坊,山东,0.0053
2020-01-23,驻马店,河南,0.0053
2020-01-23,运城,山西,0.0051
2020-01-23,临沂,山东,0.0051
2020-01-23,上海,上海,0.0051
2020-01-23,锦州,辽宁,0.0048
2020-01-23,南阳,河南,0.004699999999999999
2020-01-23,长春,吉林,0.0046
2020-01-23,徐州,江苏,0.0046
2020-01-23,新乡,河南,0.0043
2020-01-23,青岛,山东,0.0043
2020-01-23,烟台,山东,0.0043
2020-01-23,信阳,河南,0.0043
2020-01-23,临汾,山西,0.0041
2020-01-23,齐齐哈尔,黑龙江,0.0039
2020-01-23,成都,四川,0.0039
2020-01-23,呼和浩特,内蒙古,0.0038
2020-01-23,三亚,海南,0.0037
2020-01-23,绥化,黑龙江,0.0035
2020-01-23,大连,辽宁,0.0033
2020-01-24,北京,北京,0.2084
2020-01-24,天津,天津,0.1069
2020-01-24,德州,山东,0.0452
2020-01-24,聊城,山东,0.0292
2020-01-24,安阳,河南,0.0265
2020-01-24,葫芦岛,辽宁,0.0208
2020-01-24,周口,河南,0.0187
2020-01-24,菏泽,山东,0.0151
2020-01-24,濮阳,河南,0.0137
2020-01-24,大同,山西,0.013500000000000002
2020-01-24,商丘,河南,0.0127
2020-01-24,阜阳,安徽,0.0123
2020-01-24,赤峰,内蒙古,0.0118
2020-01-24,乌兰察布,内蒙古,0.0099
2020-01-24,锡林郭勒盟,内蒙古,0.0099
2020-01-24,哈尔滨,黑龙江,0.009000000000000001
2020-01-24,济南,山东,0.0086
2020-01-24,滨州,山东,0.0083
2020-01-24,晋中,山西,0.008100000000000001
2020-01-24,西安,陕西,0.0078
2020-01-24,驻马店,河南,0.0073
2020-01-24,朝阳,辽宁,0.0072
2020-01-24,长治,山西,0.006999999999999999
2020-01-24,沈阳,辽宁,0.0068000000000000005
2020-01-24,泰安,山东,0.0066
2020-01-24,信阳,河南,0.006500000000000001
2020-01-24,运城,山西,0.0064
2020-01-24,郑州,河南,0.0063
2020-01-24,南阳,河南,0.0062
2020-01-24,济宁,山东,0.006
2020-01-24,重庆,重庆,0.0059
2020-01-24,徐州,江苏,0.005600000000000001
2020-01-24,太原,山西,0.005600000000000001
2020-01-24,新乡,河南,0.0055000000000000005
2020-01-24,锦州,辽宁,0.0055000000000000005
2020-01-24,忻州,山西,0.0054
2020-01-24,临沂,山东,0.0052
2020-01-24,潍坊,山东,0.0052
2020-01-24,阳泉,山西,0.005
2020-01-24,开封,河南,0.0048
2020-01-24,长春,吉林,0.004699999999999999
2020-01-24,烟台,山东,0.0046
2020-01-24,上海,上海,0.0045000000000000005
2020-01-24,青岛,山东,0.0044
2020-01-24,绥化,黑龙江,0.0042
2020-01-24,临汾,山西,0.004
2020-01-24,齐齐哈尔,黑龙江,0.004
2020-01-24,大连,辽宁,0.004
2020-01-24,成都,四川,0.0039
2020-01-24,宿州,安徽,0.0038
2020-01-25,北京,北京,0.2763
2020-01-25,天津,天津,0.1423
2020-01-25,德州,山东,0.0467
2020-01-25,聊城,山东,0.0334
2020-01-25,安阳,河南,0.0249
2020-01-25,葫芦岛,辽宁,0.0187
2020-01-25,大同,山西,0.0145
2020-01-25,濮阳,河南,0.013500000000000002
2020-01-25,赤峰,内蒙古,0.0125
2020-01-25,周口,河南,0.0111
2020-01-25,乌兰察布,内蒙古,0.0106
2020-01-25,锡林郭勒盟,内蒙古,0.0106
2020-01-25,阜阳,安徽,0.0104
2020-01-25,商丘,河南,0.0093
2020-01-25,菏泽,山东,0.0093
2020-01-25,滨州,山东,0.008
2020-01-25,晋中,山西,0.0073
2020-01-25,泰安,山东,0.0072
2020-01-25,朝阳,辽宁,0.0069
2020-01-25,哈尔滨,黑龙江,0.0067
2020-01-25,济南,山东,0.0063
2020-01-25,锦州,辽宁,0.0061
2020-01-25,沈阳,辽宁,0.0061
2020-01-25,徐州,江苏,0.0053
2020-01-25,太原,山西,0.0053
2020-01-25,重庆,重庆,0.0052
2020-01-25,长治,山西,0.0051
2020-01-25,阳泉,山西,0.0051
2020-01-25,西安,陕西,0.0051
2020-01-25,郑州,河南,0.005
2020-01-25,驻马店,河南,0.004699999999999999
2020-01-25,临沂,山东,0.0045000000000000005
2020-01-25,潍坊,山东,0.0044
2020-01-25,忻州,山西,0.0043
2020-01-25,运城,山西,0.0041
2020-01-25,新乡,河南,0.0041
2020-01-25,成都,四川,0.004
2020-01-25,济宁,山东,0.004
2020-01-25,南阳,河南,0.0038
2020-01-25,三亚,海南,0.0038
2020-01-25,临汾,山西,0.0037
2020-01-25,青岛,山东,0.0035
2020-01-25,上海,上海,0.0035
2020-01-25,大连,辽宁,0.0034
2020-01-25,信阳,河南,0.0034
2020-01-25,开封,河南,0.0034
2020-01-25,长春,吉林,0.0033
2020-01-25,烟台,山东,0.0031
2020-01-25,齐齐哈尔,黑龙江,0.0031
2020-01-25,温州,浙江,0.0029
2020-01-26,北京,北京,0.3986
2020-01-26,天津,天津,0.1846
2020-01-26,德州,山东,0.0482
2020-01-26,葫芦岛,辽宁,0.0181
2020-01-26,聊城,山东,0.017
2020-01-26,大同,山西,0.0155
2020-01-26,安阳,河南,0.0142
2020-01-26,锡林郭勒盟,内蒙古,0.0141
2020-01-26,赤峰,内蒙古,0.0121
2020-01-26,乌兰察布,内蒙古,0.0111
2020-01-26,济南,山东,0.0096
2020-01-26,太原,山西,0.009000000000000001
2020-01-26,滨州,山东,0.0068000000000000005
2020-01-26,濮阳,河南,0.0063
2020-01-26,郑州,河南,0.0062
2020-01-26,沈阳,辽宁,0.0062
2020-01-26,朝阳,辽宁,0.0059
2020-01-26,青岛,山东,0.0058
2020-01-26,阳泉,山西,0.0054
2020-01-26,晋中,山西,0.0048
2020-01-26,忻州,山西,0.0045000000000000005
2020-01-26,哈尔滨,黑龙江,0.0044
2020-01-26,菏泽,山东,0.0043
2020-01-26,潍坊,山东,0.0042
2020-01-26,长治,山西,0.004
2020-01-26,西安,陕西,0.0037
2020-01-26,锦州,辽宁,0.0037
2020-01-26,呼和浩特,内蒙古,0.0034
2020-01-26,大连,辽宁,0.0034
2020-01-26,周口,河南,0.0034
2020-01-26,烟台,山东,0.0032
2020-01-26,商丘,河南,0.003
2020-01-26,长春,吉林,0.0029
2020-01-26,阜阳,安徽,0.0029
2020-01-26,上海,上海,0.0029
2020-01-26,徐州,江苏,0.0028000000000000004
2020-01-26,济宁,山东,0.0028000000000000004
2020-01-26,临沂,山东,0.0028000000000000004
2020-01-26,淄博,山东,0.0027
2020-01-26,东营,山东,0.0027
2020-01-26,泰安,山东,0.0027
2020-01-26,新乡,河南,0.0024
2020-01-26,临汾,山西,0.0023
2020-01-26,重庆,重庆,0.0023
2020-01-26,通辽,内蒙古,0.0023
2020-01-26,包头,内蒙古,0.0023
2020-01-26,鞍山,辽宁,0.0022
2020-01-26,运城,山西,0.002
2020-01-26,洛阳,河南,0.002
2020-01-26,吕梁,山西,0.0019
2020-01-27,北京,北京,0.3852
2020-01-27,天津,天津,0.17920000000000005
2020-01-27,德州,山东,0.029
2020-01-27,大同,山西,0.016
2020-01-27,聊城,山东,0.0127
2020-01-27,锡林郭勒盟,内蒙古,0.0121
2020-01-27,乌兰察布,内蒙古,0.0115
2020-01-27,葫芦岛,辽宁,0.0113
2020-01-27,太原,山西,0.0109
2020-01-27,沈阳,辽宁,0.0104
2020-01-27,安阳,河南,0.0103
2020-01-27,济南,山东,0.0101
2020-01-27,赤峰,内蒙古,0.0097
2020-01-27,青岛,山东,0.0094
2020-01-27,上海,上海,0.0078
2020-01-27,西安,陕西,0.0074
2020-01-27,郑州,河南,0.0072
2020-01-27,大连,辽宁,0.0064
2020-01-27,长春,吉林,0.0063
2020-01-27,哈尔滨,黑龙江,0.0061
2020-01-27,呼和浩特,内蒙古,0.0059
2020-01-27,滨州,山东,0.0052
2020-01-27,濮阳,河南,0.0049
2020-01-27,朝阳,辽宁,0.0048
2020-01-27,包头,内蒙古,0.0045000000000000005
2020-01-27,烟台,山东,0.0043
2020-01-27,苏州,江苏,0.0042
2020-01-27,潍坊,山东,0.0041
2020-01-27,忻州,山西,0.0039
2020-01-27,晋中,山西,0.0038
2020-01-27,长治,山西,0.0037
2020-01-27,成都,四川,0.0036
2020-01-27,阳泉,山西,0.0035
2020-01-27,锦州,辽宁,0.0035
2020-01-27,南京,江苏,0.0035
2020-01-27,洛阳,河南,0.0033
2020-01-27,重庆,重庆,0.0032
2020-01-27,徐州,江苏,0.003
2020-01-27,临沂,山东,0.003
2020-01-27,东营,山东,0.0028000000000000004
2020-01-27,淄博,山东,0.0027
2020-01-27,杭州,浙江,0.0026
2020-01-27,深圳,广东,0.0026
2020-01-27,阜阳,安徽,0.0025
2020-01-27,济宁,山东,0.0025
2020-01-27,菏泽,山东,0.0025
2020-01-27,威海,山东,0.0024
2020-01-27,泰安,山东,0.0024
2020-01-27,广州,广东,0.0024
2020-01-27,临汾,山西,0.0023
2020-01-28,北京,北京,0.3808
2020-01-28,天津,天津,0.1679
2020-01-28,德州,山东,0.0253
2020-01-28,大同,山西,0.0142
2020-01-28,上海,上海,0.0129
2020-01-28,聊城,山东,0.0124
2020-01-28,锡林郭勒盟,内蒙古,0.0111
2020-01-28,安阳,河南,0.0109
2020-01-28,济南,山东,0.0104
2020-01-28,沈阳,辽宁,0.0103
2020-01-28,太原,山西,0.0103
2020-01-28,青岛,山东,0.0102
2020-01-28,西安,陕西,0.0092
2020-01-28,乌兰察布,内蒙古,0.009000000000000001
2020-01-28,葫芦岛,辽宁,0.0089
2020-01-28,赤峰,内蒙古,0.0073
2020-01-28,苏州,江苏,0.0071
2020-01-28,大连,辽宁,0.0068000000000000005
2020-01-28,哈尔滨,黑龙江,0.0068000000000000005
2020-01-28,长春,吉林,0.006500000000000001
2020-01-28,呼和浩特,内蒙古,0.0063
2020-01-28,郑州,河南,0.0061
2020-01-28,深圳,广东,0.005600000000000001
2020-01-28,滨州,山东,0.005600000000000001
2020-01-28,南京,江苏,0.0055000000000000005
2020-01-28,濮阳,河南,0.0052
2020-01-28,成都,四川,0.005
2020-01-28,包头,内蒙古,0.005
2020-01-28,朝阳,辽宁,0.0049
2020-01-28,烟台,山东,0.0048
2020-01-28,忻州,山西,0.004699999999999999
2020-01-28,长治,山西,0.0045000000000000005
2020-01-28,重庆,重庆,0.0041
2020-01-28,杭州,浙江,0.004
2020-01-28,广州,广东,0.0039
2020-01-28,晋中,山西,0.0038
2020-01-28,潍坊,山东,0.0037
2020-01-28,无锡,江苏,0.0032
2020-01-28,阳泉,山西,0.0032
2020-01-28,锦州,辽宁,0.003
2020-01-28,齐齐哈尔,黑龙江,0.0028000000000000004
2020-01-28,临汾,山西,0.0026
2020-01-28,洛阳,河南,0.0025
2020-01-28,临沂,山东,0.0025
2020-01-28,威海,山东,0.0025
2020-01-28,东营,山东,0.0025
2020-01-28,淄博,山东,0.0025
2020-01-28,徐州,江苏,0.0024
2020-01-28,鄂尔多斯,内蒙古,0.0023
2020-01-28,银川,宁夏,0.0022
2020-01-29,北京,北京,0.404
2020-01-29,天津,天津,0.1678
2020-01-29,德州,山东,0.0252
2020-01-29,上海,上海,0.0141
2020-01-29,大同,山西,0.0116
2020-01-29,聊城,山东,0.0113
2020-01-29,安阳,河南,0.011200000000000002
2020-01-29,沈阳,辽宁,0.0101
2020-01-29,青岛,山东,0.0098
2020-01-29,葫芦岛,辽宁,0.0094
2020-01-29,济南,山东,0.0094
2020-01-29,西安,陕西,0.0093
2020-01-29,太原,山西,0.0093
2020-01-29,锡林郭勒盟,内蒙古,0.0079
2020-01-29,滨州,山东,0.0071
2020-01-29,郑州,河南,0.006500000000000001
2020-01-29,成都,四川,0.006500000000000001
2020-01-29,大连,辽宁,0.0064
2020-01-29,苏州,江苏,0.0063
2020-01-29,乌兰察布,内蒙古,0.0063
2020-01-29,长春,吉林,0.0062
2020-01-29,哈尔滨,黑龙江,0.0061
2020-01-29,赤峰,内蒙古,0.0058
2020-01-29,重庆,重庆,0.0055000000000000005
2020-01-29,深圳,广东,0.0053
2020-01-29,呼和浩特,内蒙古,0.0052
2020-01-29,濮阳,河南,0.0051
2020-01-29,南京,江苏,0.004699999999999999
2020-01-29,广州,广东,0.0045000000000000005
2020-01-29,长治,山西,0.0043
2020-01-29,朝阳,辽宁,0.0041
2020-01-29,包头,内蒙古,0.004
2020-01-29,潍坊,山东,0.004
2020-01-29,杭州,浙江,0.0039
2020-01-29,晋中,山西,0.0035
2020-01-29,忻州,山西,0.0034
2020-01-29,烟台,山东,0.0033
2020-01-29,阳泉,山西,0.0031
2020-01-29,长沙,湖南,0.0028000000000000004
2020-01-29,锦州,辽宁,0.0027
2020-01-29,淄博,山东,0.0026
2020-01-29,无锡,江苏,0.0025
2020-01-29,阜阳,安徽,0.0025
2020-01-29,宁波,浙江,0.0025
2020-01-29,临沂,山东,0.0024
2020-01-29,昆明,云南,0.0024
2020-01-29,合肥,安徽,0.0024
2020-01-29,临汾,山西,0.0024
2020-01-29,银川,宁夏,0.0023
2020-01-29,徐州,江苏,0.0022
2020-01-30,北京,北京,0.4202
2020-01-30,天津,天津,0.1797
2020-01-30,德州,山东,0.0227
2020-01-30,大同,山西,0.0138
2020-01-30,上海,上海,0.0114
2020-01-30,太原,山西,0.011200000000000002
2020-01-30,锡林郭勒盟,内蒙古,0.0108
2020-01-30,沈阳,辽宁,0.0104
2020-01-30,安阳,河南,0.0103
2020-01-30,聊城,山东,0.0101
2020-01-30,青岛,山东,0.0096
2020-01-30,济南,山东,0.0095
2020-01-30,西安,陕西,0.0086
2020-01-30,葫芦岛,辽宁,0.008
2020-01-30,大连,辽宁,0.0074
2020-01-30,呼和浩特,内蒙古,0.0071
2020-01-30,乌兰察布,内蒙古,0.006999999999999999
2020-01-30,赤峰,内蒙古,0.0066
2020-01-30,郑州,河南,0.006500000000000001
2020-01-30,长治,山西,0.0062
2020-01-30,滨州,山东,0.0062
2020-01-30,哈尔滨,黑龙江,0.0055000000000000005
2020-01-30,长春,吉林,0.0053
2020-01-30,成都,四川,0.0052
2020-01-30,阳泉,山西,0.0046
2020-01-30,包头,内蒙古,0.0045000000000000005
2020-01-30,苏州,江苏,0.0045000000000000005
2020-01-30,重庆,重庆,0.0044
2020-01-30,深圳,广东,0.0043
2020-01-30,朝阳,辽宁,0.0042
2020-01-30,潍坊,山东,0.0042
2020-01-30,濮阳,河南,0.0039
2020-01-30,晋中,山西,0.0039
2020-01-30,忻州,山西,0.0038
2020-01-30,南京,江苏,0.0037
2020-01-30,杭州,浙江,0.0037
2020-01-30,广州,广东,0.0036
2020-01-30,烟台,山东,0.0033
2020-01-30,淄博,山东,0.0023
2020-01-30,昆明,云南,0.0023
2020-01-30,威海,山东,0.0022
2020-01-30,临沂,山东,0.0022
2020-01-30,临汾,山西,0.0022
2020-01-30,东营,山东,0.0022
2020-01-30,徐州,江苏,0.0022
2020-01-30,锦州,辽宁,0.0021
2020-01-30,长沙,湖南,0.0021
2020-01-30,朔州,山西,0.002
2020-01-30,鄂尔多斯,内蒙古,0.002
2020-01-30,银川,宁夏,0.0019
2020-01-31,北京,北京,0.4255
2020-01-31,天津,天津,0.16820000000000002
2020-01-31,德州,山东,0.0213
2020-01-31,上海,上海,0.0126
2020-01-31,大同,山西,0.0119
2020-01-31,太原,山西,0.0109
2020-01-31,安阳,河南,0.0099
2020-01-31,聊城,山东,0.0095
2020-01-31,沈阳,辽宁,0.0094
2020-01-31,西安,陕西,0.009000000000000001
2020-01-31,青岛,山东,0.0089
2020-01-31,锡林郭勒盟,内蒙古,0.0089
2020-01-31,济南,山东,0.0084
2020-01-31,滨州,山东,0.008100000000000001
2020-01-31,葫芦岛,辽宁,0.0077
2020-01-31,哈尔滨,黑龙江,0.0069
2020-01-31,成都,四川,0.006500000000000001
2020-01-31,大连,辽宁,0.0063
2020-01-31,郑州,河南,0.0062
2020-01-31,长春,吉林,0.0061
2020-01-31,赤峰,内蒙古,0.0059
2020-01-31,苏州,江苏,0.005699999999999999
2020-01-31,长治,山西,0.0054
2020-01-31,乌兰察布,内蒙古,0.0053
2020-01-31,呼和浩特,内蒙古,0.0053
2020-01-31,包头,内蒙古,0.0051
2020-01-31,深圳,广东,0.004699999999999999
2020-01-31,朝阳,辽宁,0.0046
2020-01-31,杭州,浙江,0.0045000000000000005
2020-01-31,濮阳,河南,0.0043
2020-01-31,潍坊,山东,0.0042
2020-01-31,广州,广东,0.0042
2020-01-31,忻州,山西,0.004
2020-01-31,阳泉,山西,0.004
2020-01-31,重庆,重庆,0.004
2020-01-31,南京,江苏,0.0039
2020-01-31,晋中,山西,0.0039
2020-01-31,昆明,云南,0.0031
2020-01-31,烟台,山东,0.003
2020-01-31,银川,宁夏,0.003
2020-01-31,临沂,山东,0.0029
2020-01-31,长沙,湖南,0.0026
2020-01-31,临汾,山西,0.0026
2020-01-31,兰州,甘肃,0.0025
2020-01-31,威海,山东,0.0024
2020-01-31,合肥,安徽,0.0023
2020-01-31,鄂尔多斯,内蒙古,0.0022
2020-01-31,无锡,江苏,0.002
2020-01-31,泰安,山东,0.0019
2020-01-31,宁波,浙江,0.0019
2020-02-01,北京,北京,0.4727
2020-02-01,天津,天津,0.166
2020-02-01,德州,山东,0.0232
2020-02-01,上海,上海,0.0128
2020-02-01,大同,山西,0.0117
2020-02-01,安阳,河南,0.0107
2020-02-01,太原,山西,0.0105
2020-02-01,聊城,山东,0.0102
2020-02-01,沈阳,辽宁,0.0083
2020-02-01,青岛,山东,0.0074
2020-02-01,葫芦岛,辽宁,0.0072
2020-02-01,济南,山东,0.0071
2020-02-01,锡林郭勒盟,内蒙古,0.006999999999999999
2020-02-01,西安,陕西,0.006500000000000001
2020-02-01,滨州,山东,0.0064
2020-02-01,成都,四川,0.005699999999999999
2020-02-01,大连,辽宁,0.005600000000000001
2020-02-01,赤峰,内蒙古,0.005600000000000001
2020-02-01,郑州,河南,0.0055000000000000005
2020-02-01,呼和浩特,内蒙古,0.0052
2020-02-01,深圳,广东,0.0051
2020-02-01,哈尔滨,黑龙江,0.0049
2020-02-01,长春,吉林,0.004699999999999999
2020-02-01,苏州,江苏,0.004699999999999999
2020-02-01,乌兰察布,内蒙古,0.0045000000000000005
2020-02-01,包头,内蒙古,0.0045000000000000005
2020-02-01,濮阳,河南,0.0044
2020-02-01,长治,山西,0.0043
2020-02-01,杭州,浙江,0.0041
2020-02-01,朝阳,辽宁,0.0041
2020-02-01,重庆,重庆,0.004
2020-02-01,阳泉,山西,0.0038
2020-02-01,晋中,山西,0.0037
2020-02-01,广州,广东,0.0037
2020-02-01,潍坊,山东,0.0034
2020-02-01,南京,江苏,0.0033
2020-02-01,忻州,山西,0.0028000000000000004
2020-02-01,烟台,山东,0.0027
2020-02-01,昆明,云南,0.0026
2020-02-01,吕梁,山西,0.0024
2020-02-01,临汾,山西,0.0023
2020-02-01,朔州,山西,0.0021
2020-02-01,无锡,江苏,0.002
2020-02-01,临沂,山东,0.002
2020-02-01,银川,宁夏,0.0019
2020-02-01,兰州,甘肃,0.0019
2020-02-01,新乡,河南,0.0018
2020-02-01,锦州,辽宁,0.0018
2020-02-01,威海,山东,0.0017
2020-02-01,合肥,安徽,0.0017
2020-02-02,北京,北京,0.4975
2020-02-02,天津,天津,0.1483
2020-02-02,德州,山东,0.0219
2020-02-02,上海,上海,0.0151
2020-02-02,安阳,河南,0.011899999999999999
2020-02-02,大同,山西,0.0105
2020-02-02,太原,山西,0.009899999999999999
2020-02-02,聊城,山东,0.0096
2020-02-02,成都,四川,0.0075
2020-02-02,沈阳,辽宁,0.006999999999999999
2020-02-02,西安,陕西,0.0067
2020-02-02,济南,山东,0.0066
2020-02-02,青岛,山东,0.0066
2020-02-02,葫芦岛,辽宁,0.0064
2020-02-02,锡林郭勒盟,内蒙古,0.0060999999999999995
2020-02-02,郑州,河南,0.005600000000000001
2020-02-02,滨州,山东,0.005600000000000001
2020-02-02,深圳,广东,0.0055000000000000005
2020-02-02,长治,山西,0.0052
2020-02-02,苏州,江苏,0.0051
2020-02-02,乌兰察布,内蒙古,0.0049
2020-02-02,长春,吉林,0.0049
2020-02-02,大连,辽宁,0.004699999999999999
2020-02-02,濮阳,河南,0.004699999999999999
2020-02-02,赤峰,内蒙古,0.0046
2020-02-02,哈尔滨,黑龙江,0.0046
2020-02-02,广州,广东,0.0044
2020-02-02,重庆,重庆,0.0043
2020-02-02,阳泉,山西,0.004
2020-02-02,杭州,浙江,0.0039000000000000003
2020-02-02,晋中,山西,0.0038
2020-02-02,包头,内蒙古,0.0036
2020-02-02,呼和浩特,内蒙古,0.0036
2020-02-02,南京,江苏,0.0036
2020-02-02,朝阳,辽宁,0.0034999999999999996
2020-02-02,潍坊,山东,0.0034000000000000002
2020-02-02,忻州,山西,0.003
2020-02-02,临汾,山西,0.0027
2020-02-02,烟台,山东,0.0026
2020-02-02,昆明,云南,0.0023
2020-02-02,长沙,湖南,0.0022
2020-02-02,吕梁,山西,0.0021
2020-02-02,临沂,山东,0.002
2020-02-02,无锡,江苏,0.002
2020-02-02,朔州,山西,0.0018
2020-02-02,兰州,甘肃,0.0018
2020-02-02,合肥,安徽,0.0018
2020-02-02,宁波,浙江,0.0017000000000000001
2020-02-02,银川,宁夏,0.0017000000000000001
2020-02-02,齐齐哈尔,黑龙江,0.0016
2020-02-02,菏泽,山东,0.0016
2020-02-02,济宁,山东,0.0016
2020-02-02,新乡,河南,0.0015
2020-02-02,东莞,广东,0.0015
2020-02-02,淄博,山东,0.0015
2020-02-02,贵阳,贵州,0.0014000000000000002
2020-02-02,洛阳,河南,0.0014000000000000002
2020-02-02,徐州,江苏,0.0013
2020-02-02,锦州,辽宁,0.0013
2020-02-02,阜阳,安徽,0.0012
2020-02-02,泰安,山东,0.0012
2020-02-02,佛山,广东,0.0012
2020-02-02,鄂尔多斯,内蒙古,0.0012
2020-02-02,福州,福建,0.0012
2020-02-02,南通,江苏,0.0012
2020-02-02,连云港,江苏,0.0011
2020-02-02,西宁,青海,0.0011
2020-02-02,金华,浙江,0.0011
2020-02-02,运城,山西,0.0011
2020-02-02,南宁,广西,0.0011
2020-02-02,威海,山东,0.0011
2020-02-02,吉林,吉林,0.0011
2020-02-02,大庆,黑龙江,0.0011
2020-02-02,日照,山东,0.0011
2020-02-02,厦门,福建,0.0011
2020-02-02,咸阳,陕西,0.001
2020-02-02,乌鲁木齐,新疆,0.001
2020-02-02,鞍山,辽宁,0.001
2020-02-02,南昌,江西,0.001
2020-02-02,常州,江苏,0.001
2020-02-02,扬州,江苏,0.001
2020-02-02,雅安,四川,0.001
2020-02-02,榆林,陕西,0.0009
2020-02-02,芜湖,安徽,0.0009
2020-02-02,营口,辽宁,0.0009
2020-02-02,呼伦贝尔,内蒙古,0.0009
2020-02-02,周口,河南,0.0009
2020-02-02,绥化,黑龙江,0.0008
2020-02-02,宝鸡,陕西,0.0008
2020-02-02,盐城,江苏,0.0008
2020-02-02,许昌,河南,0.0007000000000000001
2020-02-02,泉州,福建,0.0007000000000000001
2020-02-02,嘉兴,浙江,0.0007000000000000001
2020-02-02,延边朝鲜族自治州,吉林,0.0007000000000000001
2020-02-02,惠州,广东,0.0007000000000000001
2020-02-02,渭南,陕西,0.0007000000000000001
2020-02-02,南阳,河南,0.0007000000000000001
2020-02-02,宿迁,江苏,0.0007000000000000001
2020-02-02,汉中,陕西,0.0006
2020-02-02,商丘,河南,0.0006
