日期,省,比例,规模,规模/人口
2020-01-01,上海,0.0036,0.0007711070399999999,0.003181423396512884
2020-01-01,云南,0.0538,0.01152376632,0.024005345943130925
2020-01-01,内蒙古,0.001,0.0002141964,0.0008452896606156274
2020-01-01,北京,0.0105,0.0022490622,0.010360999677523379
2020-01-01,四川,0.43910000000000005,0.09405363924,0.11276062731087401
2020-01-01,天津,0.0021,0.00044981243999999993,0.0028841526032315976
2020-01-01,宁夏,0.0033,0.0007068481199999999,0.010367534284750434
2020-01-01,安徽,0.0058,0.0012423391199999998,0.001964607375545575
2020-01-01,山东,0.0038000000000000004,0.00081394632,0.0008101193163495647
2020-01-01,山西,0.0054,0.00115666056,0.003124125379826327
2020-01-01,广东,0.0068000000000000005,0.00145653552,0.0012837436277102062
2020-01-01,新疆,0.0013,0.00027845531999999996,0.0011390302985679049
2020-01-01,江苏,0.0084,0.0017992497599999997,0.002240855068312306
2020-01-01,河北,0.0102,0.00218480328,0.0028913665153580455
2020-01-01,河南,0.0362,0.00775390968,0.00807278467464862
2020-01-01,浙江,0.0024999999999999996,0.0005354909999999999,0.0009333989890186507
2020-01-01,海南,0.0043,0.00092104452,0.009949063688212927
2020-01-01,湖北,0.009600000000000001,0.00205628544,0.00347521622443806
2020-01-01,湖南,0.006299999999999999,0.0013494373199999998,0.0019670524474505115
2020-01-01,甘肃,0.04299999999999999,0.009210445199999997,0.035077922542855064
2020-01-01,福建,0.0015,0.0003212946,0.000815261608728749
2020-01-01,贵州,0.007299999999999999,0.0015636337199999998,0.004367691955307262
2020-01-01,重庆,0.0447,0.009574579079999998,0.03140823007252913
2020-01-01,陕西,0.04929999999999999,0.010559882519999998,0.02753238877416932
2020-01-01,青海,0.1659,0.03553518275999999,0.5938564584377819
2020-01-01,黑龙江,0.0013,0.00027845531999999996,0.0007349627048855807
2020-01-02,上海,0.0042,0.00129833928,0.005356671315053346
2020-01-02,云南,0.0391,0.012086920440000003,0.025178461493594425
2020-01-02,北京,0.0125,0.0038641050000000005,0.017801193163495647
2020-01-02,吉林,0.001,0.0003091284,0.0011375763129133042
2020-01-02,四川,0.4372000000000001,0.13515093648000004,0.16203205428605688
2020-01-02,天津,0.0015,0.0004636926000000001,0.002973150807899462
2020-01-02,宁夏,0.0023,0.0007109953200000001,0.010428362398979159
2020-01-02,安徽,0.0084,0.00259667856,0.004106329559111898
2020-01-02,山东,0.0039,0.00120560076,0.0011999322799097066
2020-01-02,山西,0.0027,0.0008346466800000001,0.0022543700082380113
2020-01-02,广东,0.0057,0.0017620318800000002,0.001552998307773665
2020-01-02,广西,0.0014000000000000002,0.0004327797600000001,0.00088593604912999
2020-01-02,新疆,0.0011,0.00034004124000000004,0.0013909494533004456
2020-01-02,江苏,0.0055,0.0017002062,0.0021175023974692687
2020-01-02,河北,0.009300000000000001,0.0028748941200000006,0.0038046320553710156
2020-01-02,河南,0.0444,0.013725300960000002,0.01428974592399792
2020-01-02,浙江,0.0014000000000000002,0.0004327797600000001,0.0007543659752483879
2020-01-02,海南,0.0066,0.0020402474400000002,0.022038621673003803
2020-01-02,湖北,0.009000000000000001,0.0027821556000000008,0.004701969917187765
2020-01-02,湖南,0.010700000000000001,0.0033076738800000005,0.004821541471094138
2020-01-02,甘肃,0.06,0.018547704,0.07063881388272125
2020-01-02,贵州,0.0059,0.00182385756,0.005094574189944134
2020-01-02,重庆,0.0616,0.019042309440000002,0.062465956049507464
2020-01-02,陕西,0.047400000000000005,0.014652686160000003,0.03820340341655717
2020-01-02,青海,0.13310000000000002,0.04114499004000001,0.6876063712022462
2020-01-02,黑龙江,0.0017,0.0005255182800000001,0.0013870675429566873
2020-01-03,上海,0.003,0.0011375316,0.004693213080395085
2020-01-03,云南,0.0468,0.01774549296,0.036965926382668476
2020-01-03,北京,0.0109,0.0041330314799999995,0.019040086055189566
2020-01-03,四川,0.4448999999999999,0.16869593627999996,0.20224905440594648
2020-01-03,天津,0.0019,0.00072043668,0.004619368299563991
2020-01-03,安徽,0.009000000000000001,0.0034125948000000004,0.005396601303055222
2020-01-03,山东,0.005299999999999999,0.0020096391599999995,0.002000190261206062
2020-01-03,山西,0.0016,0.00060668352,0.0016386444285386309
2020-01-03,广东,0.0078000000000000005,0.00295758216,0.002606717927022739
2020-01-03,新疆,0.0028,0.00106169616,0.004342901741339322
2020-01-03,江苏,0.003,0.0011375316,0.0014167257419700346
2020-01-03,江西,0.0011,0.00041709492,0.0009023926786525606
2020-01-03,河北,0.005,0.001895886,0.0025090136707118563
2020-01-03,河南,0.045399999999999996,0.017214644879999998,0.01792258706923477
2020-01-03,浙江,0.004,0.0015167088,0.002643731567021091
2020-01-03,海南,0.0029,0.0010996138799999999,0.011877958434151398
2020-01-03,湖北,0.0114,0.00432262008,0.007305425181679905
2020-01-03,湖南,0.0099,0.0037538542800000002,0.005471931255648524
2020-01-03,甘肃,0.0523,0.01983096756,0.07552611506982873
2020-01-03,贵州,0.0045000000000000005,0.0017062974000000002,0.0047661938547486045
2020-01-03,重庆,0.054000000000000006,0.020475568800000003,0.06716758724983025
2020-01-03,陕西,0.04819999999999999,0.018276341039999998,0.04765122395344471
2020-01-03,青海,0.1435,0.054411928199999994,0.9093206357164343
2020-01-03,黑龙江,0.0014000000000000002,0.0005308480800000001,0.0014011351650962075
2020-01-04,上海,0.0044,0.00177444432,0.007320979296800863
2020-01-04,云南,0.047200000000000006,0.019034948160000002,0.03965201158212687
2020-01-04,北京,0.0134,0.00540398952,0.02489514681899848
2020-01-04,四川,0.4451000000000001,0.17950117428000004,0.21520342198777132
2020-01-04,天津,0.0012,0.00048393935999999993,0.0031029710182097973
2020-01-04,宁夏,0.002,0.0008065656,0.011830117778201497
2020-01-04,安徽,0.0083,0.00334724724,0.005293262129166931
2020-01-04,山东,0.0063999999999999994,0.00258100992,0.0025688745565946467
2020-01-04,山西,0.0040999999999999995,0.0016534594799999997,0.004465972909098275
2020-01-04,广东,0.0054,0.00217772712,0.001919378741406663
2020-01-04,江苏,0.0075,0.003024621,0.0037669796868967406
2020-01-04,江西,0.0012,0.00048393935999999993,0.0010470118777179203
2020-01-04,河北,0.0068,0.00274232304,0.003629187618278787
2020-01-04,河南,0.0386,0.015566716080000001,0.01620688816241541
2020-01-04,浙江,0.0032,0.0012905049600000001,0.0022494421474638314
2020-01-04,海南,0.0032,0.0012905049600000001,0.013939951607328034
2020-01-04,湖北,0.0108,0.00435545424,0.007360916410343079
2020-01-04,湖南,0.011300000000000001,0.004557095640000001,0.006642802892043965
2020-01-04,甘肃,0.0463,0.01867199364,0.07111217019396658
2020-01-04,福建,0.0014000000000000002,0.0005645959200000001,0.0014326209591474248
2020-01-04,贵州,0.0072,0.00290363616,0.008110715530726257
2020-01-04,重庆,0.0599,0.02415663972,0.07924288804400954
2020-01-04,陕西,0.048799999999999996,0.01968020064,0.05131145485263751
2020-01-04,青海,0.13349999999999998,0.05383825379999999,0.8997335104782912
2020-01-05,上海,0.0051,0.0018640724400000002,0.007690765828581802
2020-01-05,云南,0.047599999999999996,0.01739800944,0.03624207778356422
2020-01-05,北京,0.0141,0.00515361204,0.02374170562491362
2020-01-05,四川,0.44910000000000005,0.16414802604000003,0.19679657839587583
2020-01-05,天津,0.0016,0.0005848070400000001,0.003749724544755066
2020-01-05,安徽,0.0075,0.0027412829999999997,0.0043350037953064705
2020-01-05,山东,0.0076,0.00277783344,0.0027647726539825864
2020-01-05,山西,0.0027,0.00098686188,0.0026655013167312656
2020-01-05,广东,0.0037999999999999996,0.00138891672,0.0012241465891062928
2020-01-05,江苏,0.005200000000000001,0.0019006228800000002,0.0023671090630565557
2020-01-05,江西,0.0021,0.0007675592399999999,0.001660628805088596
2020-01-05,河北,0.0082,0.00299713608,0.003966406945198047
2020-01-05,河南,0.044199999999999996,0.01615529448,0.016819671504424778
2020-01-05,浙江,0.0033,0.0012061645200000001,0.0021024307477775844
2020-01-05,海南,0.0028000000000000004,0.0010234123200000003,0.011054834082267545
2020-01-05,湖北,0.0129,0.00471500676,0.007968576575967551
2020-01-05,湖南,0.0118,0.0043129519199999996,0.00628691863210985
2020-01-05,甘肃,0.05370000000000001,0.019627586280000005,0.07475153874571071
2020-01-05,贵州,0.0062,0.00226612728,0.006329964469273743
2020-01-05,重庆,0.0497,0.01816556868,0.059589915727111996
2020-01-05,陕西,0.0519,0.018969678360000002,0.04945893654965272
2020-01-05,青海,0.1307,0.047771425080000006,0.7983459520705907
2020-01-05,黑龙江,0.0021,0.0007675592399999999,0.0020259171747565126
2020-01-06,上海,0.0035,0.0014215824000000001,0.005865146176633192
2020-01-06,云南,0.04470000000000001,0.018155638080000005,0.037820306384751604
2020-01-06,北京,0.0138,0.005605096320000001,0.025821607407748654
2020-01-06,四川,0.4615,0.18744579360000002,0.22472820237381613
2020-01-06,天津,0.0019,0.0007717161600000001,0.00494816722236471
2020-01-06,宁夏,0.0014000000000000002,0.0005686329600000002,0.008340294812185572
2020-01-06,安徽,0.0081,0.00328994784,0.005202650135998482
2020-01-06,山东,0.0038,0.0015434323200000002,0.0015361754272815223
2020-01-06,广东,0.005600000000000001,0.0022745318400000008,0.002004699312533052
2020-01-06,新疆,0.0021000000000000003,0.0008529494400000002,0.003489016677097523
2020-01-06,江苏,0.0027,0.00109664928,0.001365809323353219
2020-01-06,江西,0.0013,0.00052801632,0.0011423732069838384
2020-01-06,河北,0.0073,0.0029650147200000003,0.0039238975689160046
2020-01-06,河南,0.037700000000000004,0.015312473280000002,0.015942189776158255
2020-01-06,浙江,0.0023,0.00093418272,0.0016283470803555866
2020-01-06,海南,0.0029,0.00117788256,0.01272341168337366
2020-01-06,湖北,0.008100000000000001,0.0032899478400000006,0.005560161973973298
2020-01-06,湖南,0.0133,0.00540201312,0.007874425118801202
2020-01-06,甘肃,0.052099999999999994,0.021161269439999998,0.08059256140243971
2020-01-06,福建,0.0011,0.0004467830400000001,0.0011336793707180921
2020-01-06,贵州,0.006500000000000001,0.0026400816000000005,0.007374529608938549
2020-01-06,重庆,0.0678,0.027538081920000002,0.09033529364295721
2020-01-06,陕西,0.041800000000000004,0.016977755520000002,0.04426547024591703
2020-01-06,青海,0.129,0.0523954656,0.875621939235937
2020-01-06,黑龙江,0.0014000000000000002,0.0005686329600000002,0.001500865626732125
2020-01-07,上海,0.0044,0.0017812872000000002,0.007349211562105471
2020-01-07,云南,0.04229999999999999,0.017124647399999998,0.035672632850744714
2020-01-07,北京,0.0119,0.004817572200000001,0.022193634311512417
2020-01-07,四川,0.4655999999999999,0.18849257279999998,0.22598318283179475
2020-01-07,天津,0.0019,0.0007691922000000001,0.004931983842010773
2020-01-07,宁夏,0.0022,0.0008906436000000001,0.013063312750260344
2020-01-07,安徽,0.0098,0.0039674124,0.006273977481181605
2020-01-07,山东,0.0069,0.0027933822,0.002780248306997743
2020-01-07,山西,0.0016,0.0006477408000000001,0.0017495396167299152
2020-01-07,广东,0.0047,0.0019027386000000002,0.0016770126916975147
2020-01-07,江苏,0.0051,0.0020646738,0.0025714244081053144
2020-01-07,江西,0.0021999999999999997,0.0008906436,0.0019269241253975465
2020-01-07,河北,0.008199999999999999,0.0033196716,0.004393250135648399
2020-01-07,河南,0.0435,0.017610453,0.018334672566371682
2020-01-07,浙江,0.0036,0.0014574168,0.002540381383998606
2020-01-07,海南,0.0019,0.0007691922000000001,0.008308764690632561
2020-01-07,湖北,0.0147,0.0059511186,0.010057661990873754
2020-01-07,湖南,0.0107,0.0043317666,0.006314344479752778
2020-01-07,甘肃,0.0504,0.0204038352,0.07770787786922395
2020-01-07,贵州,0.005900000000000001,0.0023885442000000003,0.006671911173184358
2020-01-07,重庆,0.0519,0.0210110922,0.0689243059542125
2020-01-07,陕西,0.0418,0.0169222284,0.04412069645203679
2020-01-07,青海,0.1285,0.052021683000000006,0.8693753634813999
2020-01-08,上海,0.0039,0.0015800054399999998,0.006518765894594392
2020-01-08,云南,0.0388,0.01571902848,0.03274456510780127
2020-01-08,北京,0.0137,0.00555027552,0.025569058460404477
2020-01-08,四川,0.44660000000000005,0.18093087936000002,0.2169174911401511
2020-01-08,天津,0.0019,0.00076974624,0.004935536291356758
2020-01-08,安徽,0.0061,0.00247129056,0.003908043772534632
2020-01-08,山东,0.0070999999999999995,0.0028764201599999996,0.002862895840051596
2020-01-08,山西,0.003,0.0012153888,0.0032827496049806205
2020-01-08,广东,0.0019,0.00076974624,0.0006784296139608672
2020-01-08,新疆,0.0014000000000000002,0.00056718144,0.0023200736295696353
2020-01-08,江苏,0.0049,0.0019851350399999997,0.0024723637677007953
2020-01-08,江西,0.0019,0.00076974624,0.0016653604205880443
2020-01-08,河北,0.0094,0.00380821824,0.005039792279290129
2020-01-08,河南,0.03629999999999999,0.014706204479999997,0.01531098852680895
2020-01-08,浙江,0.0043,0.00174205728,0.0030365300331183544
2020-01-08,海南,0.0019,0.00076974624,0.0083147493950916
2020-01-08,湖北,0.0128,0.00518565888,0.008764000135203651
2020-01-08,湖南,0.0082,0.00332206272,0.004842515845019096
2020-01-08,甘肃,0.05339999999999999,0.021633920639999995,0.08239265052119235
2020-01-08,贵州,0.0076,0.00307898496,0.008600516648044693
2020-01-08,重庆,0.0647,0.026211885119999997,0.08598486801402688
2020-01-08,陕西,0.050800000000000005,0.02058058368,0.05365899005068519
2020-01-08,青海,0.13999999999999999,0.05671814399999999,0.9478616263912563
2020-01-09,上海,0.0038,0.0018197136000000001,0.007507750703446682
2020-01-09,云南,0.04220000000000001,0.020208398400000004,0.04209644495365067
2020-01-09,北京,0.0102,0.004884494400000001,0.022501932095637354
2020-01-09,四川,0.4422,0.2117571984,0.25387507301282825
2020-01-09,天津,0.0023,0.0011014056,0.0070621031033598364
2020-01-09,宁夏,0.0016,0.0007661952000000001,0.01123799410375629
2020-01-09,安徽,0.0086,0.0041182992,0.006512586501359984
2020-01-09,山东,0.0063999999999999994,0.0030647808,0.003050370848113512
2020-01-09,山西,0.0016,0.0007661952000000001,0.00206948343619593
2020-01-09,广东,0.002,0.0009577440000000001,0.0008441248016922263
2020-01-09,新疆,0.0018,0.0008619696,0.0035259139270330964
2020-01-09,江苏,0.0068000000000000005,0.0032563296000000003,0.004055558516931738
2020-01-09,江西,0.0012,0.0005746464,0.0012432582592328161
2020-01-09,河北,0.0097,0.004645058400000001,0.006147265725288832
2020-01-09,河南,0.0439,0.0210224808,0.021887018011452368
2020-01-09,浙江,0.0042,0.0020112624,0.003505773749346348
2020-01-09,海南,0.0016,0.0007661952000000001,0.008276391289319045
2020-01-09,湖北,0.0182,0.008715470400000001,0.014729542673652191
2020-01-09,湖南,0.0118,0.0056506896,0.008236916707967697
2020-01-09,甘肃,0.04990000000000001,0.023895712800000003,0.09100667171926832
2020-01-09,福建,0.0012,0.0005746464,0.00145812331895458
2020-01-09,贵州,0.0068000000000000005,0.0032563296000000003,0.009095892737430169
2020-01-09,重庆,0.05690000000000001,0.02724781680000001,0.08938311458685294
2020-01-09,陕西,0.05670000000000001,0.027152042400000003,0.07079250985545336
2020-01-09,青海,0.118,0.056506896,0.9443312944951369
2020-01-10,上海,0.0038,0.0014185886399999998,0.005852794560562425
2020-01-10,云南,0.046599999999999996,0.017396376479999996,0.0362386761379023
2020-01-10,北京,0.0091,0.0033971464799999996,0.015650004514672685
2020-01-10,四川,0.4459,0.16646017751999997,0.19956860990288933
2020-01-10,天津,0.0024,0.0008959507199999998,0.00574474685816876
2020-01-10,宁夏,0.002,0.0007466255999999999,0.010950961439739507
2020-01-10,安徽,0.0073,0.0027251834399999995,0.0043095443102030475
2020-01-10,山东,0.005,0.0018665639999999998,0.0018577878103837472
2020-01-10,山西,0.0034000000000000002,0.00126926352,0.0034282645346874283
2020-01-10,广东,0.0044,0.0016425763199999998,0.0014477140137493388
2020-01-10,新疆,0.0052,0.0019412265599999996,0.007940648676508484
2020-01-10,江苏,0.005,0.0018665639999999998,0.0023246908198722178
2020-01-10,江西,0.0021,0.0007839568799999999,0.0016961054066333481
2020-01-10,河北,0.0074,0.00276251472,0.003655909267763323
2020-01-10,河南,0.0341,0.012729966479999997,0.013253478896408117
2020-01-10,浙江,0.0036,0.0013439260799999997,0.002342558968101795
2020-01-10,海南,0.0018,0.0006719630399999999,0.00725850155547874
2020-01-10,湖北,0.0116,0.004330428479999999,0.007318621733986816
2020-01-10,湖南,0.0108,0.00403177824,0.005877056412349494
2020-01-10,甘肃,0.049300000000000004,0.018404321039999998,0.07009274078249311
2020-01-10,福建,0.0014000000000000002,0.00052263792,0.0013261555950266428
2020-01-10,贵州,0.006500000000000001,0.0024265332,0.006778025698324022
2020-01-10,重庆,0.0646,0.02411600688,0.07910959700567177
2020-01-10,陕西,0.0551,0.02056953528,0.053630183968462544
2020-01-10,青海,0.14290000000000003,0.05334639912,0.891513739095558
2020-01-11,上海,0.0019,0.0006422554799999999,0.0026498093061251425
2020-01-11,云南,0.0469,0.01585356948,0.03302482966357671
2020-01-11,北京,0.0091,0.00307606572,0.014170846823605287
2020-01-11,四川,0.43450000000000005,0.1468736874,0.17608642536866084
2020-01-11,天津,0.0016,0.0005408467199999999,0.0034678553475250063
2020-01-11,宁夏,0.0012,0.00040563503999999995,0.0059495598351398515
2020-01-11,安徽,0.009000000000000001,0.0030422628000000003,0.004810966538047947
2020-01-11,山东,0.007500000000000001,0.002535219,0.0025232989358271525
2020-01-11,山西,0.0029000000000000002,0.00098028468,0.0026477363836482234
2020-01-11,广东,0.0049,0.00165634308,0.0014598475938656793
2020-01-11,新疆,0.0016,0.0005408467199999999,0.0022123506240106024
2020-01-11,江苏,0.0041,0.00138591972,0.001726077889728868
2020-01-11,河北,0.0069,0.00233240148,0.003086697828302211
2020-01-11,河南,0.03669999999999999,0.012405671639999996,0.012915847621030709
2020-01-11,浙江,0.005,0.001690146,0.002946044971239324
2020-01-11,湖北,0.009500000000000001,0.0032112774000000004,0.005427205340544195
2020-01-11,湖南,0.0132,0.00446198544,0.006504162327628933
2020-01-11,甘肃,0.0343,0.011594401559999998,0.04415720532732099
2020-01-11,福建,0.0011,0.00037183212,0.0009434968789647298
2020-01-11,贵州,0.005699999999999999,0.0019267664399999997,0.005382029162011173
2020-01-11,辽宁,0.0012,0.00040563503999999995,0.0009305049893331498
2020-01-11,重庆,0.0573,0.019369073159999996,0.06353786427767735
2020-01-11,陕西,0.055200000000000006,0.018659211840000002,0.048649468744133666
2020-01-11,青海,0.17659999999999998,0.05969595671999999,0.9976262027474179
2020-01-12,上海,0.0035,0.0011173302000000002,0.0046098664070171385
2020-01-12,云南,0.041,0.013088725200000003,0.027265337360691602
2020-01-12,北京,0.0098,0.0031285245600000005,0.014412514672686231
2020-01-12,吉林,0.0011,0.00035116092000000006,0.0012922537839061173
2020-01-12,四川,0.4373000000000001,0.13960242756000005,0.16736893365303926
2020-01-12,天津,0.0021,0.0006703981200000001,0.004298526032315979
2020-01-12,安徽,0.007200000000000001,0.0022985078400000005,0.0036348090328294017
2020-01-12,山东,0.0067,0.0021388892400000005,0.0021288326346339897
2020-01-12,山西,0.0037,0.0011811776400000003,0.0031903456993531147
2020-01-12,广东,0.0047,0.0015004148400000004,0.0013224174510840828
2020-01-12,新疆,0.001,0.00031923720000000006,0.0013058498693075142
2020-01-12,江苏,0.003,0.0009577116000000002,0.0011927709762993039
2020-01-12,江西,0.0023,0.0007342455600000002,0.0015885540338807038
2020-01-12,河北,0.0134,0.004277778480000001,0.005661207839815784
2020-01-12,河南,0.03790000000000001,0.012099089880000006,0.012596657865694956
2020-01-12,浙江,0.0012,0.00038308464000000005,0.0006677438382429843
2020-01-12,海南,0.001,0.00031923720000000006,0.0034483797096439687
2020-01-12,湖北,0.009899999999999999,0.0031604482800000003,0.005341301808348826
2020-01-12,湖南,0.0097,0.0030966008400000007,0.004513863794058484
2020-01-12,甘肃,0.0412,0.013152572640000002,0.050091490073161174
2020-01-12,贵州,0.007600000000000001,0.0024262027200000007,0.0067771025698324045
2020-01-12,辽宁,0.0015,0.0004788558000000001,0.001098469479044801
2020-01-12,重庆,0.0614,0.019601164080000004,0.06429921001958387
2020-01-12,陕西,0.0596,0.019026537120000003,0.04960718227895627
2020-01-12,青海,0.1575,0.05027985900000001,0.8402663691968316
2020-01-12,黑龙江,0.0014000000000000002,0.00044693208000000015,0.001179644944176103
2020-01-13,上海,0.0038,0.0011975882399999998,0.004940993984602561
2020-01-13,云南,0.0519,0.01635653412,0.03407256352463285
2020-01-13,北京,0.011200000000000002,0.00352973376,0.016260808771364075
2020-01-13,四川,0.4283,0.13498080084,0.16182807917515887
2020-01-13,天津,0.0016,0.00050424768,0.003233185945114132
2020-01-13,宁夏,0.0012,0.0003781857599999999,0.0055469537540885
2020-01-13,安徽,0.0087,0.0027418467599999996,0.004335895312796508
2020-01-13,山东,0.0038,0.0011975882399999998,0.001191957433086101
2020-01-13,山西,0.005299999999999999,0.0016703204399999994,0.004511514146420516
2020-01-13,广东,0.0058000000000000005,0.0018278978399999999,0.00161105044949762
2020-01-13,江苏,0.0063,0.00198547524,0.0024727874659061185
2020-01-13,河北,0.0087,0.0027418467599999996,0.0036285573097944754
2020-01-13,河南,0.041100000000000005,0.01295286228,0.013485541155648099
2020-01-13,浙江,0.004,0.0012606191999999998,0.00219734913717971
2020-01-13,海南,0.0017,0.0005357631599999999,0.0057872792084341495
2020-01-13,湖北,0.014499999999999999,0.004569744599999999,0.0077230768970762195
2020-01-13,湖南,0.0121,0.0038133730799999994,0.005558690825340369
2020-01-13,甘肃,0.05210000000000001,0.01641956508,0.06253381020752483
2020-01-13,贵州,0.0049,0.0015442585199999998,0.0043135712849162
2020-01-13,重庆,0.0504,0.01588380192,0.05210486027233691
2020-01-13,陕西,0.049199999999999994,0.015505616159999996,0.04042721606908203
2020-01-13,青海,0.1499,0.04724170452,0.7894933741100972
2020-01-13,黑龙江,0.0014000000000000002,0.00044121672,0.0011645596642647874
2020-01-14,上海,0.0026,0.00080499744,0.003321247968049905
2020-01-14,云南,0.054400000000000004,0.01684302336,0.03508597721070722
2020-01-14,北京,0.0138,0.00427267872,0.019683414198184916
2020-01-14,四川,0.43010000000000015,0.13316515344000004,0.1596513049274668
2020-01-14,天津,0.0016,0.00049538304,0.003176346755578354
2020-01-14,宁夏,0.0014000000000000002,0.00043346016000000005,0.006357678464043181
2020-01-14,安徽,0.0068,0.00210537792,0.0033293976848630526
2020-01-14,山东,0.006,0.0018576864,0.0018489519509835538
2020-01-14,山西,0.0038000000000000004,0.00117653472,0.0031778052318122275
2020-01-14,广东,0.0038,0.00117653472,0.0010369599153886833
2020-01-14,新疆,0.0039,0.00120749616,0.004939301255384163
2020-01-14,江苏,0.0048000000000000004,0.0014861491200000001,0.0018509074514590313
2020-01-14,江西,0.0011,0.00034057584000000003,0.0007368422145777894
2020-01-14,河北,0.0083,0.0025697995200000003,0.0034008701613223408
2020-01-14,河南,0.0392,0.01213688448,0.012636006746486204
2020-01-14,浙江,0.0054,0.0016719177600000002,0.002914271849398641
2020-01-14,海南,0.0013,0.00040249872,0.004347765295540961
2020-01-14,湖北,0.0111,0.00343671984,0.005808213351360487
2020-01-14,湖南,0.0139,0.00430364016,0.006273345033672488
2020-01-14,甘肃,0.04789999999999999,0.014830529759999997,0.05648197919800738
2020-01-14,福建,0.0023,0.0007121131200000001,0.0018069350926160875
2020-01-14,贵州,0.0052,0.00160999488,0.004497192402234637
2020-01-14,重庆,0.0652,0.02018685888,0.06622050983621078
2020-01-14,陕西,0.0408,0.012632267520000002,0.03293564107377511
2020-01-14,青海,0.1448,0.04483216512,0.7492256612854707
2020-01-15,上海,0.0046,0.00152214552,0.006280048189192087
2020-01-15,云南,0.044500000000000005,0.014725103400000002,0.030674103530882204
2020-01-15,北京,0.0126,0.00416935512,0.01920742212189616
2020-01-15,四川,0.4336,0.14347876032,0.17201625742716703
2020-01-15,天津,0.0016,0.0005294419200000001,0.0033947289048473976
2020-01-15,宁夏,0.0017,0.00056253204,0.008250810953519412
2020-01-15,安徽,0.009600000000000001,0.0031766515200000005,0.005023485862483396
2020-01-15,山东,0.0033,0.00109197396,0.0010868397291196388
2020-01-15,山西,0.0035,0.0011581542,0.0031281596823639042
2020-01-15,广东,0.0025,0.000827253,0.0007291142252776309
2020-01-15,新疆,0.0011,0.00036399132000000005,0.0014889180134742114
2020-01-15,江苏,0.0027,0.00089343324,0.0011127162268192744
2020-01-15,江西,0.0034000000000000002,0.0011250640800000002,0.0024340972285324856
2020-01-15,河北,0.010100000000000001,0.0033421021200000004,0.00442293466379048
2020-01-15,河南,0.0424,0.01403021088,0.014607195085892763
2020-01-15,浙江,0.0027,0.00089343324,0.0015573178316193132
2020-01-15,海南,0.002,0.0006618024,0.007148746975458002
2020-01-15,湖北,0.0128,0.004235535360000001,0.00715824803109684
2020-01-15,湖南,0.0068000000000000005,0.0022501281600000003,0.003279974578000642
2020-01-15,甘肃,0.048299999999999996,0.01598252796,0.060869357088178054
2020-01-15,福建,0.0015,0.0004963518,0.00125945648312611
2020-01-15,贵州,0.0057,0.0018861368400000002,0.005268538659217878
2020-01-15,辽宁,0.0015,0.0004963518,0.0011386043630858165
2020-01-15,重庆,0.05860000000000001,0.019390810320000004,0.06360917035982458
2020-01-15,陕西,0.0536,0.01773630432,0.046243206307490146
2020-01-15,青海,0.1422,0.04705415064,0.7863590133360072
2020-01-15,黑龙江,0.0017,0.00056253204,0.0014847626890490142
2020-01-16,上海,0.0027,0.0008985070800000001,0.0037070488245632854
2020-01-16,云南,0.052,0.0173045808,0.036047455056764925
2020-01-16,北京,0.0119,0.00396008676,0.018243362786198
2020-01-16,四川,0.427,0.1420972308,0.17035994580985495
2020-01-16,天津,0.0018,0.00059900472,0.0038407586560656585
2020-01-16,宁夏,0.0015,0.0004991706,0.0073214714208187275
2020-01-16,安徽,0.009200000000000002,0.003061579680000001,0.004841513821241066
2020-01-16,山东,0.0031,0.00103161924,0.001026768784263141
2020-01-16,山西,0.004399999999999999,0.00146423376,0.003954876659419017
2020-01-16,广东,0.0036,0.00119800944,0.0010558870438921206
2020-01-16,新疆,0.0014000000000000002,0.0004658925600000001,0.001905748260501418
2020-01-16,江苏,0.005600000000000001,0.0018635702400000005,0.002320962275665376
2020-01-16,江西,0.0015,0.0004991706,0.0010799649509963005
2020-01-16,河北,0.0068000000000000005,0.0022629067200000005,0.0029947285311594306
2020-01-16,河南,0.037399999999999996,0.01244598696,0.012957820884955753
2020-01-16,浙江,0.0053,0.00176373612,0.0030743177967578876
2020-01-16,湖北,0.0087,0.00289518948,0.004893002332262971
2020-01-16,湖南,0.0096,0.00319469184,0.004656849421299671
2020-01-16,甘肃,0.043800000000000006,0.014575781520000003,0.05551177213020479
2020-01-16,福建,0.0027,0.0008985070800000001,0.0022798961684851564
2020-01-16,贵州,0.0028000000000000004,0.0009317851200000002,0.002602751731843576
2020-01-16,辽宁,0.0024999999999999996,0.0008319509999999999,0.0019084508980799669
2020-01-16,重庆,0.0658,0.02189695032,0.07183025465567522
2020-01-16,陕西,0.0531,0.01767063924,0.04607200018772292
2020-01-16,青海,0.1476,0.04911838704000001,0.820856095457736
2020-01-16,黑龙江,0.0014000000000000002,0.0004658925600000001,0.0012296897616596726
2020-01-17,上海,0.0039,0.00132020928,0.005446902276609262
2020-01-17,云南,0.0406,0.01374371712,0.0286297617331528
2020-01-17,北京,0.0133,0.00450225216,0.02074101515640116
2020-01-17,四川,0.42869999999999997,0.14512146624,0.1739856926507613
2020-01-17,天津,0.0015,0.0005077728,0.003255788663759939
2020-01-17,安徽,0.0089,0.00301278528,0.004764351445379214
2020-01-17,山东,0.0086,0.00291123072,0.002897542728152209
2020-01-17,山西,0.005600000000000001,0.0018956851200000004,0.005120221264872312
2020-01-17,广东,0.0039,0.00132020928,0.0011635900581702804
2020-01-17,新疆,0.0012,0.00040621824,0.0016616485660641313
2020-01-17,江苏,0.0054,0.0018279820800000002,0.0022766394081675865
2020-01-17,江西,0.0011,0.00037236672000000006,0.0008056223794379179
2020-01-17,河北,0.0072,0.00243730944,0.0032255329195505734
2020-01-17,河南,0.0402,0.013608311040000001,0.014167944862051016
2020-01-17,浙江,0.0045000000000000005,0.0015233184000000002,0.0026552525710301558
2020-01-17,湖北,0.0149,0.00504387648,0.008524381409498056
2020-01-17,湖南,0.0096,0.00324974592,0.004737100842541034
2020-01-17,甘肃,0.0437,0.014793114240000002,0.056339482425705814
2020-01-17,福建,0.0023,0.00077858496,0.001975602537427049
2020-01-17,贵州,0.0029,0.00098169408,0.002742162234636872
2020-01-17,重庆,0.0584,0.01976928768,0.06485071882903659
2020-01-17,陕西,0.05530000000000001,0.018719890560000004,0.04880767411300921
2020-01-17,青海,0.1518,0.051386607359999996,0.8587621137070088
2020-01-17,黑龙江,0.0015,0.0005077728,0.0013402296302161693
2020-01-18,上海,0.0029,0.0009392241599999999,0.0038750388236556115
2020-01-18,云南,0.044700000000000004,0.01447700688,0.030157289615665037
2020-01-18,北京,0.011000000000000001,0.0035625744000000003,0.0164120993227991
2020-01-18,四川,0.4304,0.13939382016000001,0.1671188348639252
2020-01-18,宁夏,0.0012,0.00038864448,0.005700354654659059
2020-01-18,安徽,0.006500000000000001,0.0021051576,0.003329049275729015
2020-01-18,山东,0.008499999999999999,0.0027528984,0.0027399548532731377
2020-01-18,山西,0.0038,0.00123070752,0.0033241252717868385
2020-01-18,广东,0.003,0.0009716112,0.0008563469063987308
2020-01-18,新疆,0.0014000000000000002,0.00045341856000000007,0.001854722968744248
2020-01-18,江苏,0.010599999999999998,0.0034330262399999995,0.004275623329555502
2020-01-18,江西,0.0012,0.00038864448,0.000840839618355293
2020-01-18,河北,0.0070999999999999995,0.00229947984,0.0030431293622540127
2020-01-18,河南,0.035100000000000006,0.011367851040000002,0.01183534725663717
2020-01-18,浙江,0.0026,0.0008420630399999999,0.0014677759107547498
2020-01-18,海南,0.0012,0.00038864448,0.004198112685793294
2020-01-18,湖北,0.009899999999999999,0.00320631696,0.0054188219705932055
2020-01-18,湖南,0.0142,0.0045989596800000004,0.0067038274102795845
2020-01-18,甘肃,0.07110000000000001,0.023027185440000004,0.08769889073812417
2020-01-18,福建,0.0014000000000000002,0.00045341856000000007,0.0011505165186500889
2020-01-18,贵州,0.006200000000000001,0.0020079964800000004,0.0056089287150838
2020-01-18,辽宁,0.0012,0.00038864448,0.0008915295574977634
2020-01-18,重庆,0.0652,0.02111635008,0.06926959149463822
2020-01-18,陕西,0.0435,0.014088362399999999,0.03673206307490144
2020-01-18,青海,0.13849999999999998,0.04485605039999999,0.7496248270329889
2020-01-18,黑龙江,0.0013,0.00042103151999999997,0.0011112822868002217
2020-01-19,上海,0.0046,0.00150545304,0.006211178572312667
2020-01-19,云南,0.0434,0.014203622160000002,0.029587797437766905
2020-01-19,北京,0.008,0.0026181792,0.012061451144792002
2020-01-19,吉林,0.0013,0.00042545412000000003,0.0015656488667601374
2020-01-19,四川,0.42880000000000007,0.14033440512000003,0.16824649936458463
2020-01-19,天津,0.0023,0.00075272652,0.004826407540394973
2020-01-19,安徽,0.0074,0.0024218157600000003,0.0038298054272882538
2020-01-19,山东,0.0060999999999999995,0.00199636164,0.001986975169300226
2020-01-19,山西,0.0039,0.00127636236,0.003447438410739125
2020-01-19,广东,0.0038,0.00124363512,0.0010961000528820729
2020-01-19,新疆,0.0013,0.00042545412000000003,0.0017403335419504476
2020-01-19,江苏,0.0079,0.0025854519600000004,0.0032200216208137697
2020-01-19,江西,0.0019,0.00062181756,0.0013453139482053611
2020-01-19,河北,0.0059,0.0019309071600000002,0.0025553606394664056
2020-01-19,河南,0.0488,0.015970893120000003,0.01662768674648621
2020-01-19,浙江,0.0034,0.00111272616,0.0019395610249259196
2020-01-19,湖北,0.012400000000000001,0.004058177760000001,0.006858505594051041
2020-01-19,湖南,0.009500000000000001,0.0031090878000000007,0.004532065828984579
2020-01-19,甘肃,0.0524,0.01714907376,0.06531213942133747
2020-01-19,福建,0.0014000000000000002,0.0004581813600000001,0.0011626017761989344
2020-01-19,贵州,0.004,0.0013090896,0.003656674860335196
2020-01-19,重庆,0.0556,0.01819634544,0.05969087510620222
2020-01-19,陕西,0.06489999999999999,0.021239978759999997,0.05537820630749014
2020-01-19,青海,0.1388,0.04542540912,0.7591398295397573
2020-01-20,上海,0.0073,0.00224433828,0.009259661685466502
2020-01-20,云南,0.04360000000000001,0.013404540960000001,0.02792321833142381
2020-01-20,北京,0.0093,0.0028592254799999998,0.013171905284009765
2020-01-20,四川,0.40680000000000005,0.12506805648,0.1499437195540103
2020-01-20,天津,0.0025,0.000768609,0.004928244421646576
2020-01-20,安徽,0.0097,0.00298220292,0.004715989183376557
2020-01-20,山东,0.009500000000000001,0.0029207142,0.0029069816188326348
2020-01-20,山西,0.0057,0.00175242852,0.004733287020405958
2020-01-20,广东,0.005699999999999999,0.0017524285199999998,0.001544534214701216
2020-01-20,新疆,0.0015,0.0004611654,0.0018864116629238304
2020-01-20,江苏,0.0089,0.00273624804,0.0034078288767389435
2020-01-20,江西,0.0015,0.0004611654,0.0009977399883169989
2020-01-20,河北,0.0135,0.0041504886,0.005492752537617617
2020-01-20,河南,0.0354,0.01088350344,0.011331081145236855
2020-01-20,浙江,0.0049,0.00150647364,0.0026258909534599964
2020-01-20,湖北,0.011199999999999998,0.003443368319999999,0.005819449585938819
2020-01-20,湖南,0.008,0.0024595488,0.0035852435789044054
2020-01-20,甘肃,0.06100000000000001,0.018754059600000005,0.07142471788582899
2020-01-20,福建,0.0023,0.00070712028,0.001794266125348896
2020-01-20,贵州,0.0061,0.00187540596,0.005238564134078212
2020-01-20,辽宁,0.0022,0.00067637592,0.0015515700227100681
2020-01-20,重庆,0.0703,0.02161328508,0.07089972569486588
2020-01-20,陕西,0.05360000000000001,0.016478976960000002,0.042965023465365126
2020-01-20,青海,0.1227,0.03772332972,0.6304243076306025
2020-01-21,上海,0.0067,0.002284767,0.009426461972621276
2020-01-21,云南,0.03839999999999999,0.013094783999999996,0.027277958545984787
2020-01-21,北京,0.0073,0.002489373,0.011468065600958215
2020-01-21,四川,0.42500000000000004,0.14492925,0.17375524517443955
2020-01-21,天津,0.0013,0.000443313,0.002842478840728392
2020-01-21,宁夏,0.002,0.00068202,0.010003373472770208
2020-01-21,安徽,0.0087,0.002966787,0.004691610791321399
2020-01-21,山东,0.012200000000000003,0.004160322000000001,0.004140761044824252
2020-01-21,山西,0.0051,0.001739151,0.004697424608694478
2020-01-21,广东,0.004,0.00136404,0.0012022210470650448
2020-01-21,新疆,0.0029000000000000002,0.000988929,0.004045245370540809
2020-01-21,江苏,0.009300000000000001,0.003171393,0.003949775198336094
2020-01-21,江西,0.0014000000000000002,0.00047741400000000006,0.0010328941390277148
2020-01-21,河北,0.0095,0.0032395949999999996,0.004287276841840583
2020-01-21,河南,0.0377,0.012856076999999999,0.013384775637688702
2020-01-21,浙江,0.0034000000000000002,0.001159434,0.002020976119923305
2020-01-21,海南,0.0018,0.0006138179999999999,0.006630422571724852
2020-01-21,湖北,0.0124,0.004228524,0.007146398512759844
2020-01-21,湖南,0.0084,0.0028644839999999996,0.004175510918049036
2020-01-21,甘肃,0.0526,0.017937125999999998,0.06831343141474115
2020-01-21,贵州,0.0036,0.0012276359999999998,0.0034291508379888265
2020-01-21,辽宁,0.0017,0.0005797169999999999,0.001329839653155323
2020-01-21,重庆,0.0547,0.018653246999999998,0.061189684526133124
2020-01-21,陕西,0.043300000000000005,0.014765733000000001,0.03849814623615544
2020-01-21,青海,0.1513,0.051594812999999996,0.8622416023262809
2020-01-21,黑龙江,0.0017,0.0005797169999999999,0.0015301211497347374
2020-01-22,上海,0.0074,0.00202860936,0.008369610113129079
2020-01-22,云南,0.0407,0.011157351480000001,0.023242061201958132
2020-01-22,北京,0.0061,0.0016722320400000001,0.00770365338370111
2020-01-22,吉林,0.0016,0.00043861824,0.0016140921385279473
2020-01-22,四川,0.382,0.1047201048,0.12554862102865366
2020-01-22,天津,0.0014000000000000002,0.0003837909600000001,0.0024608294434470385
2020-01-22,宁夏,0.0028,0.00076758192,0.011258333504451518
2020-01-22,安徽,0.0055,0.0015077501999999998,0.0023843225377949266
2020-01-22,山东,0.009999999999999998,0.0027413639999999996,0.002728474685585295
2020-01-22,山西,0.0054,0.00148033656,0.0039983701162775
2020-01-22,广东,0.0046,0.00126102744,0.0011114290851401375
2020-01-22,新疆,0.0014000000000000002,0.0003837909600000001,0.001569909067481501
2020-01-22,江苏,0.010499999999999999,0.0028784322,0.0035849105152379406
2020-01-22,江西,0.0015,0.0004112046,0.0008896488609073798
2020-01-22,河北,0.0072,0.00197378208,0.0026121012664928603
2020-01-22,河南,0.0373,0.01022528772,0.010645796689224362
2020-01-22,浙江,0.0014000000000000002,0.0003837909600000001,0.0006689750043576784
2020-01-22,湖北,0.008,0.0021930912,0.0037064242014534393
2020-01-22,湖南,0.0116,0.00317998224,0.0046354074808314626
2020-01-22,甘肃,0.064,0.0175447296,0.0668189921963964
2020-01-22,福建,0.0023,0.00063051372,0.0015998825678761736
2020-01-22,贵州,0.005,0.001370682,0.0038287206703910615
2020-01-22,辽宁,0.0032,0.00087723648,0.0020123333562727963
2020-01-22,重庆,0.0699,0.019162134360000003,0.062859026974541
2020-01-22,陕西,0.0531,0.01455664284,0.03795299324197485
2020-01-22,青海,0.1598,0.04380699672,0.7320932638122931
2020-01-22,黑龙江,0.0017,0.00046603188,0.0012300574867368755
2020-01-23,上海,0.0102,0.00263756088,0.010882014374241885
2020-01-23,云南,0.042,0.0108605448,0.022623778356421206
2020-01-23,北京,0.0067,0.00173251548,0.007981367669415396
2020-01-23,四川,0.4108000000000001,0.10622647152000002,0.12735459959237505
2020-01-23,宁夏,0.0013,0.00033615972,0.004930546355916044
2020-01-23,安徽,0.0073,0.00188766612,0.002985113100132836
2020-01-23,山东,0.0112,0.00289614528,0.002882528216704289
2020-01-23,山西,0.0028000000000000004,0.0007240363200000001,0.0019556128404932004
2020-01-23,广东,0.0032,0.00082747008,0.0007293055526176625
2020-01-23,新疆,0.0026,0.00067231944,0.0027501439458086367
2020-01-23,江苏,0.004,0.0010343376,0.0012882039530220566
2020-01-23,江西,0.0017,0.00043959348,0.0009510687349905887
2020-01-23,河北,0.0056,0.00144807264,0.0019163779098235907
2020-01-23,河南,0.044800000000000006,0.011584581120000001,0.012060990234252994
2020-01-23,浙江,0.0037,0.00095676228,0.0016677048631689036
2020-01-23,湖北,0.010100000000000001,0.0026117024400000004,0.0044138962988000685
2020-01-23,湖南,0.0119,0.00307715436,0.004485516982012187
2020-01-23,甘肃,0.054900000000000004,0.01419628356,0.054066456539374114
2020-01-23,福建,0.0039,0.0010084791599999999,0.002558942298908906
2020-01-23,贵州,0.0069,0.0017842323599999998,0.004983889273743016
2020-01-23,辽宁,0.0031000000000000003,0.0008016116400000001,0.0018388540361984724
2020-01-23,重庆,0.0552,0.014273858879999999,0.04682363997205118
2020-01-23,陕西,0.055700000000000006,0.014403151080000001,0.03755279988736625
2020-01-23,青海,0.13999999999999999,0.036201816,0.6049970921488017
2020-01-24,上海,0.0109,0.0025144992,0.010374288095454206
2020-01-24,云南,0.0336,0.0077511168,0.0161464780752005
2020-01-24,北京,0.0053,0.0012226464000000001,0.005632498272446676
2020-01-24,四川,0.39890000000000014,0.09202144320000004,0.11032423354513853
2020-01-24,宁夏,0.0016,0.00036910080000000003,0.0054137021663562095
2020-01-24,安徽,0.006200000000000001,0.0014302656000000002,0.0022617901195521543
2020-01-24,山东,0.0077,0.0017762976,0.0017679458239277654
2020-01-24,山西,0.006,0.001384128,0.0037385120261455565
2020-01-24,广东,0.0043,0.0009919584,0.0008742802749867794
2020-01-24,新疆,0.0012,0.00027682559999999995,0.0011323638773331369
2020-01-24,江苏,0.006200000000000001,0.0014302656000000002,0.0017813079595979727
2020-01-24,江西,0.0016,0.00036910080000000003,0.0007985565002920751
2020-01-24,河北,0.0101,0.0023299488,0.00308345195399865
2020-01-24,河南,0.04189999999999999,0.0096658272,0.010063328682977615
2020-01-24,浙江,0.0016,0.00036910080000000003,0.0006433690081924351
2020-01-24,湖北,0.0033,0.0007612704,0.00128658171370627
2020-01-24,湖南,0.01,0.0023068800000000003,0.003362700795895164
2020-01-24,甘肃,0.06620000000000001,0.015271545600000002,0.0581615852474188
2020-01-24,福建,0.0012,0.00027682559999999995,0.0007024247652879978
2020-01-24,贵州,0.007599999999999999,0.0017532287999999997,0.004897287150837988
2020-01-24,辽宁,0.0022,0.0005075136,0.001164208932626798
2020-01-24,重庆,0.0561,0.0129415968,0.04245331793743009
2020-01-24,陕西,0.04259999999999999,0.009827308799999998,0.02562237657217946
2020-01-24,青海,0.17009999999999997,0.03924002879999999,0.6557710618670408
2020-01-25,上海,0.009000000000000001,0.0013792680000000001,0.005690565975459819
2020-01-25,云南,0.0266,0.0040765032,0.008491830434329757
2020-01-25,内蒙古,0.0014000000000000002,0.00021455280000000002,0.0008466961325966851
2020-01-25,北京,0.0042,0.0006436584,0.0029652112221863914
2020-01-25,四川,0.39720000000000005,0.06087169440000001,0.0729788926987172
2020-01-25,天津,0.0016,0.0002452032,0.0015722185175686076
2020-01-25,宁夏,0.0028000000000000004,0.00042910560000000003,0.006293808944103023
2020-01-25,安徽,0.008,0.0012260160000000001,0.0019387943576443798
2020-01-25,山东,0.0058,0.0008888615999999999,0.0008846823605288616
2020-01-25,山西,0.0028000000000000004,0.00042910560000000003,0.001159008737693627
2020-01-25,广东,0.0083,0.0012719916,0.0011210925436277103
2020-01-25,广西,0.0012,0.00018390239999999998,0.00037646345957011255
2020-01-25,新疆,0.0019,0.0002911788,0.0011910760961602181
2020-01-25,江苏,0.008,0.0012260160000000001,0.0015269276275640467
2020-01-25,江西,0.0014000000000000002,0.00021455280000000002,0.00046418900499772836
2020-01-25,河北,0.0048000000000000004,0.0007356096,0.0009735050222992735
2020-01-25,河南,0.0426,0.0065285351999999994,0.006797017386777719
2020-01-25,浙江,0.0060999999999999995,0.0009348372,0.0016294878856545232
2020-01-25,海南,0.0014000000000000002,0.00021455280000000002,0.0023175855513307983
2020-01-25,湖北,0.0014000000000000002,0.00021455280000000002,0.0003626040223086024
2020-01-25,湖南,0.007,0.001072764,0.0015637503279787761
2020-01-25,甘肃,0.0753,0.0115398756,0.04394954355202974
2020-01-25,福建,0.0028,0.0004291056,0.0010888241563055063
2020-01-25,重庆,0.0632,0.009685526400000002,0.03177217912171184
2020-01-25,陕西,0.06090000000000001,0.009333046800000001,0.024333705650459926
2020-01-25,青海,0.1701,0.0260681652,0.4356456632908854
2020-01-26,上海,0.005,0.000577044,0.0023807606300901892
2020-01-26,云南,0.0394,0.004547106719999999,0.009472152317466929
2020-01-26,北京,0.0058,0.0006693710399999999,0.003083664440042382
2020-01-26,四川,0.34779999999999994,0.040139180639999994,0.04812274384366382
2020-01-26,天津,0.0016,0.00018465408,0.0011839835855347526
2020-01-26,安徽,0.0091,0.00105022008,0.0016607946106648112
2020-01-26,山东,0.011000000000000001,0.0012694968,0.0012635278942276687
2020-01-26,山西,0.0022,0.00025389936,0.0006857789241967939
2020-01-26,广东,0.015799999999999998,0.0018234590399999996,0.001607138233738762
2020-01-26,广西,0.0014000000000000002,0.00016157232,0.000330751934493347
2020-01-26,新疆,0.0011,0.00012694968,0.0005192916835401098
2020-01-26,江苏,0.0077,0.00088864776,0.0011067562053977307
2020-01-26,江西,0.0036000000000000008,0.00041547168000000004,0.000898880768481859
2020-01-26,河北,0.0035,0.0004039308,0.0005345616240752749
2020-01-26,河南,0.0392,0.004524024959999999,0.004710072837064028
2020-01-26,浙江,0.003,0.00034622639999999996,0.0006034972982394979
2020-01-26,海南,0.0016,0.00018465408,0.001994621500172831
2020-01-26,湖南,0.0097,0.00111946536,0.001631826127518148
2020-01-26,甘肃,0.0927,0.01069839576,0.04074477288047804
2020-01-26,福建,0.0025,0.000288522,0.0007321035270235981
2020-01-26,贵州,0.0074,0.00085402512,0.002385545027932961
2020-01-26,辽宁,0.0016,0.00018465408,0.00042358653912325374
2020-01-26,重庆,0.0623,0.00718996824,0.023585807251601646
2020-01-26,陕西,0.0523,0.0060358802399999995,0.01573712596207997
2020-01-26,青海,0.20350000000000001,0.0234856908,0.39248789732277145
2020-01-26,黑龙江,0.0016,0.00018465408,0.00048738110697600764
2020-01-27,上海,0.0086,0.0008997285600000002,0.0037120883908605567
2020-01-27,云南,0.0401,0.004195245960000001,0.008739185418185608
2020-01-27,内蒙古,0.0021,0.00021970116000000003,0.0008670132596685083
2020-01-27,北京,0.0198,0.0020714680800000005,0.009542857511401853
2020-01-27,吉林,0.004,0.0004184784000000001,0.0015399785827049826
2020-01-27,四川,0.33160000000000006,0.034691859360000014,0.04159196662270713
2020-01-27,天津,0.004,0.0004184784000000001,0.002683241856886382
2020-01-27,宁夏,0.0033,0.0003452446800000001,0.005063797943648338
2020-01-27,安徽,0.0054,0.0005649458400000002,0.0008933927509646406
2020-01-27,山东,0.0098,0.0010252720800000001,0.0010204514672686232
2020-01-27,广东,0.024000000000000004,0.002510870400000001,0.002213000528820731
2020-01-27,广西,0.0012,0.00012554352000000002,0.00025699799385875134
2020-01-27,新疆,0.0045,0.00047078820000000005,0.00192577403085079
2020-01-27,江苏,0.009699999999999999,0.00101481012,0.0012638836760365162
2020-01-27,江西,0.0015,0.00015692940000000004,0.00033951969883819054
2020-01-27,河北,0.006299999999999999,0.00065910348,0.0008722568982173815
2020-01-27,河南,0.029100000000000004,0.003044430360000001,0.0031696307756376896
2020-01-27,浙江,0.009699999999999999,0.00101481012,0.0017688863866132127
2020-01-27,湖北,0.0012,0.00012554352000000002,0.00021217427750549268
2020-01-27,湖南,0.0106,0.0011089677600000002,0.001616523949739075
2020-01-27,甘肃,0.06190000000000001,0.006475953240000002,0.024663627133232544
2020-01-27,福建,0.0066,0.0006904893600000002,0.0017520663790916015
2020-01-27,贵州,0.0063,0.0006591034800000001,0.001841071173184358
2020-01-27,重庆,0.061,0.006381795600000001,0.020934696220677534
2020-01-27,陕西,0.04930000000000001,0.005157746280000002,0.01344759996245542
2020-01-27,青海,0.2176,0.022765224960000004,0.38044762458638326
2020-01-28,上海,0.015,0.0017486279999999997,0.0072144666595153
2020-01-28,云南,0.0329,0.0038353240799999994,0.007989426268097073
2020-01-28,内蒙古,0.0013,0.00015154775999999998,0.0005980574585635358
2020-01-28,北京,0.0214,0.0024947092799999997,0.011492648822960333
2020-01-28,四川,0.26149999999999995,0.03048441479999999,0.03654767390001198
2020-01-28,天津,0.0033,0.00038469815999999995,0.00246664631956912
2020-01-28,宁夏,0.004,0.00046630079999999995,0.006839361093591867
2020-01-28,安徽,0.0046,0.00053624592,0.0008480073375925105
2020-01-28,山东,0.013500000000000002,0.0015737652,0.0015663656884875848
2020-01-28,山西,0.0036,0.00041967071999999997,0.001133525247477953
2020-01-28,广东,0.040799999999999996,0.0047562681599999995,0.004192021998942358
2020-01-28,广西,0.0057,0.00066447864,0.0013602428659160695
2020-01-28,新疆,0.0016,0.00018652032,0.0007629672716562972
2020-01-28,江苏,0.009000000000000001,0.0010491768,0.0013066852652161458
2020-01-28,江西,0.003,0.0003497256,0.000756637891867333
2020-01-28,河北,0.0046,0.00053624592,0.0007096673239548456
2020-01-28,河南,0.018699999999999998,0.0021799562399999997,0.0022696056637168138
2020-01-28,浙江,0.0046,0.00053624592,0.0009347148683981174
2020-01-28,湖南,0.0057,0.00066447864,0.0009685995160490947
2020-01-28,甘肃,0.058300000000000005,0.00679633416,0.025883795849503562
2020-01-28,福建,0.006,0.0006994512,0.0017748063943161634
2020-01-28,贵州,0.0082,0.00095591664,0.0026701582122905026
2020-01-28,辽宁,0.0019,0.00022149287999999998,0.0005080927671873924
2020-01-28,重庆,0.0669,0.007798880879999999,0.02558327033915819
2020-01-28,陕西,0.035199999999999995,0.0041034470399999995,0.010698764783180026
2020-01-28,青海,0.30369999999999997,0.035403888239999994,0.59166229218891
2020-01-29,上海,0.016399999999999998,0.00180768672,0.007458130358365856
2020-01-29,云南,0.047799999999999995,0.00526874544,0.010975409728153317
2020-01-29,北京,0.0205,0.0022596084000000003,0.010409584005159627
2020-01-29,四川,0.24310000000000004,0.02679564888000001,0.03212522345042562
2020-01-29,天津,0.0049,0.0005401015200000001,0.0034630771992818677
2020-01-29,宁夏,0.0032,0.00035271936000000006,0.005173431115152761
2020-01-29,安徽,0.0019000000000000002,0.00020942712000000005,0.0003311833765576571
2020-01-29,山东,0.0048000000000000004,0.0005290790400000001,0.0005265914221218962
2020-01-29,山西,0.01,0.0011022480000000001,0.0029771577511580488
2020-01-29,广东,0.039999999999999994,0.004408992,0.0038859439450026436
2020-01-29,广西,0.0043,0.00047396664,0.0009702490071647902
2020-01-29,新疆,0.0026,0.00028658448,0.0011722828848065386
2020-01-29,江苏,0.011,0.0012124728,0.001510060403771188
2020-01-29,江西,0.0017,0.00018738216,0.0004054048159927306
2020-01-29,河北,0.01,0.0011022480000000001,0.0014587139208342708
2020-01-29,河南,0.022500000000000003,0.0024800580000000007,0.002582048932847476
2020-01-29,浙江,0.014400000000000001,0.0015872371200000004,0.0027666674568589864
2020-01-29,湖南,0.007200000000000001,0.0007936185600000002,0.0011568446400979566
2020-01-29,甘肃,0.05089999999999999,0.005610442319999999,0.021367334244832822
2020-01-29,福建,0.004,0.00044089920000000004,0.0011187495559502666
2020-01-29,贵州,0.0083,0.0009148658400000001,0.002555491173184358
2020-01-29,辽宁,0.0023,0.00025351704000000004,0.0005815544697543184
2020-01-29,重庆,0.0676,0.00745119648,0.02444273439114561
2020-01-29,陕西,0.0396,0.004364902080000001,0.011380446780551908
2020-01-29,青海,0.2964,0.03267063072,0.5459846706106488
2020-01-29,黑龙江,0.0049,0.0005401015200000001,0.0014255589516192892
2020-01-30,上海,0.0141,0.00165239028,0.006817410326019687
2020-01-30,云南,0.0253,0.0029649272400000004,0.006176288386626394
2020-01-30,内蒙古,0.0024000000000000002,0.00028125792000000004,0.0011099365430149962
2020-01-30,北京,0.0171,0.00200396268,0.009231873036347722
2020-01-30,四川,0.2351,0.027551557080000004,0.03303147953482796
2020-01-30,天津,0.0044,0.0005156395200000001,0.003306229289561427
2020-01-30,宁夏,0.0019,0.00022266252000000003,0.0032658519485472067
2020-01-30,安徽,0.0013,0.00015234804000000002,0.00024091979252324628
2020-01-30,山东,0.0051,0.0005976730800000001,0.000594862947436311
2020-01-30,山西,0.0027,0.00031641516,0.0008546333004713223
2020-01-30,广东,0.04680000000000001,0.005484529440000002,0.004833888101533582
2020-01-30,广西,0.0035000000000000005,0.0004101678000000001,0.0008396474923234393
2020-01-30,新疆,0.0022,0.00025781976000000006,0.0010546198873467587
2020-01-30,江苏,0.017400000000000002,0.0020391199200000005,0.0025395986200540525
2020-01-30,江西,0.0013,0.00015234804000000002,0.00032960784059193876
2020-01-30,河北,0.0042,0.00049220136,0.000651378796500933
2020-01-30,河南,0.024599999999999997,0.00288289368,0.0030014509942738157
2020-01-30,浙江,0.0168,0.00196880544,0.003431768241241067
2020-01-30,湖北,0.0011,0.00012890988000000003,0.000217863579516647
2020-01-30,湖南,0.013999999999999999,0.0016406712,0.0023915792542491474
2020-01-30,甘肃,0.049499999999999995,0.0058009446,0.022092860978554372
2020-01-30,福建,0.0033,0.00038672964000000003,0.0009812982491753362
2020-01-30,贵州,0.0073999999999999995,0.00086721192,0.0024223796648044694
2020-01-30,辽宁,0.0027,0.00031641516,0.0007258393778817701
2020-01-30,重庆,0.0392,0.004593879360000001,0.015069656708535217
2020-01-30,陕西,0.0349,0.00408995892,0.010663597709780365
2020-01-30,青海,0.3672,0.04303246176000001,0.7191493993783216
2020-01-30,黑龙江,0.0035,0.0004101678000000001,0.001082608282524349
2020-01-31,上海,0.0095,0.0009064709999999998,0.003739906262119498
2020-01-31,云南,0.03,0.0028625399999999994,0.005963003853765232
2020-01-31,内蒙古,0.0036,0.00034350479999999996,0.001355583267561168
2020-01-31,北京,0.016200000000000003,0.0015457716,0.007121074307826968
2020-01-31,吉林,0.0013,0.00012404339999999998,0.00045647321182146357
2020-01-31,四川,0.2631,0.025104475799999998,0.03009768109339408
2020-01-31,天津,0.0027,0.00025762859999999997,0.0016518889458835599
2020-01-31,宁夏,0.004,0.00038167199999999995,0.0055980873876120205
2020-01-31,安徽,0.0023,0.00021946139999999998,0.0003470513631475741
2020-01-31,山东,0.0046,0.00043892279999999996,0.0004368590777168655
2020-01-31,山西,0.0063,0.0006011333999999999,0.0016236536254000836
2020-01-31,广东,0.0239,0.0022804901999999997,0.002009950819672131
2020-01-31,广西,0.0033,0.0003148794,0.0006445842374616171
2020-01-31,新疆,0.0013,0.00012404339999999998,0.0005074034532268158
2020-01-31,江苏,0.0062,0.0005915915999999999,0.0007367910029516893
2020-01-31,江西,0.0037,0.00035304659999999997,0.0007638229376257544
2020-01-31,河北,0.0039,0.00037213019999999994,0.0004924767412622579
2020-01-31,河南,0.0278,0.0026526203999999993,0.0027617078604893278
2020-01-31,浙江,0.0104,0.0009923471999999998,0.0017297319156353492
2020-01-31,海南,0.0013,0.00012404339999999998,0.0013399088316626336
2020-01-31,湖南,0.0081,0.0007728857999999999,0.001126622838984286
2020-01-31,甘肃,0.0635,0.006059042999999999,0.023075827109619872
2020-01-31,福建,0.002,0.00019083599999999997,0.0004842324283176858
2020-01-31,贵州,0.0037,0.00035304659999999997,0.000986163687150838
2020-01-31,辽宁,0.0023,0.00021946139999999998,0.0005034326612070745
2020-01-31,重庆,0.0421,0.004017097799999999,0.013177595680399418
2020-01-31,陕西,0.049900000000000014,0.004761358200000001,0.012414112070583821
2020-01-31,青海,0.3541000000000001,0.0337875138,0.5646497844179285
2020-01-31,黑龙江,0.0023,0.00021946139999999998,0.0005792525140549528
2020-02-01,上海,0.005,0.00038799,0.0016007640957512643
2020-02-01,云南,0.0224,0.0017381952,0.0036208628267888764
2020-02-01,内蒙古,0.0028,0.0002172744,0.0008574364640883978
2020-02-01,北京,0.0087,0.0006751026,0.003110068641452066
2020-02-01,四川,0.28430000000000005,0.022061111400000003,0.026449000599448512
2020-02-01,宁夏,0.0008,6.20784e-05,0.0009105208348611742
2020-02-01,安徽,0.0024000000000000002,0.00018623520000000002,0.0002945081915364666
2020-02-01,山东,0.0028,0.0002172744,0.0002162528216704289
2020-02-01,山西,0.0048,0.0003724704,0.0010060377868110794
2020-02-01,广东,0.026,0.002017548,0.0017782020095187731
2020-02-01,广西,0.0024,0.0001862352,0.0003812388945752303
2020-02-01,新疆,0.0008,6.20784e-05,0.0002539336597577587
2020-02-01,江苏,0.0188,0.0014588424,0.0018168986088451047
2020-02-01,河北,0.0036,0.0002793528,0.00036969522120614587
2020-02-01,河南,0.0308,0.0023900184,0.0024883065070275896
2020-02-01,浙江,0.010700000000000001,0.0008302986000000001,0.0014472696531288131
2020-02-01,湖南,0.006100000000000001,0.0004733478000000001,0.0006899912538993034
2020-02-01,甘肃,0.0659,0.0051137082,0.019475525476918623
2020-02-01,贵州,0.005699999999999999,0.00044230859999999997,0.0012354988826815641
2020-02-01,辽宁,0.0037,0.0002871126,0.0006586208794990021
2020-02-01,重庆,0.0346,0.0026848908,0.008807454328949657
2020-02-01,陕西,0.0268,0.0020796264,0.005422132532382204
2020-02-01,青海,0.3953,0.030674489399999998,0.5126255790634713
2020-02-02,上海,0.0102,0.00058131432,0.002398379060805848
2020-02-02,云南,0.035500000000000004,0.0020232018,0.004214564732840329
2020-02-02,内蒙古,0.0017,9.688571999999999e-05,0.0003823430149960536
2020-02-02,北京,0.0062,0.00035334791999999996,0.0016278063297553783
2020-02-02,四川,0.332,0.0189212112,0.02268458362306678
2020-02-02,天津,0.0028000000000000004,0.00015957648,0.001023188509874327
2020-02-02,宁夏,0.0011,6.269076e-05,0.0009195024861027588
2020-02-02,山东,0.0056,0.00031915295999999997,0.00031765237020316026
2020-02-02,山西,0.0017,9.688571999999999e-05,0.0002616870906316258
2020-02-02,广东,0.018500000000000003,0.0010543446,0.0009292654680063458
2020-02-02,广西,0.0034,0.00019377143999999998,0.00039666620266120775
2020-02-02,新疆,0.0017,9.688571999999999e-05,0.00039631410374406357
2020-02-02,江苏,0.010000000000000002,0.0005699160000000001,0.0007097953744411095
2020-02-02,河北,0.0056,0.00031915295999999997,0.00042236671386789825
2020-02-02,河南,0.03479999999999999,0.001983307679999999,0.0020648700468505975
2020-02-02,浙江,0.0083,0.00047303027999999995,0.0008245255011329963
2020-02-02,湖北,0.0028000000000000004,0.00015957648,0.00026969153287138755
2020-02-02,湖南,0.0056,0.00031915295999999997,0.0004652239876388443
2020-02-02,甘肃,0.0821,0.00467901036,0.017819981490720605
2020-02-02,福建,0.0022,0.00012538152,0.00031814646028926666
2020-02-02,贵州,0.0028,0.00015957647999999998,0.00044574435754189944
2020-02-02,辽宁,0.0039000000000000007,0.00022226724000000002,0.0005098691074255042
2020-02-02,重庆,0.0392,0.0022340707199999996,0.0073285944568187555
2020-02-02,陕西,0.024800000000000003,0.00141339168,0.0036850835366998313
2020-02-02,青海,0.32249999999999995,0.018379790999999996,0.30715917978542057
2020-02-02,黑龙江,0.0017,9.688571999999999e-05,0.00025572286008393376
2020-02-03,上海,0.0061,0.00025890840000000005,0.0010682009093234534
2020-02-03,云南,0.0341,0.0014473404,0.00301497843974586
2020-02-03,内蒙古,0.0007000000000000001,2.9710800000000007e-05,0.00011724861878453041
2020-02-03,北京,0.0061,0.00025890840000000005,0.0011927415119546692
2020-02-03,吉林,0.0007000000000000001,2.9710800000000007e-05,0.00010933418708117598
2020-02-03,四川,0.3905999999999999,0.016578626399999997,0.019876065699556408
2020-02-03,宁夏,0.0015,6.366600000000001e-05,0.0009338065973393568
2020-02-03,安徽,0.0052,0.0002207088,0.0003490239736858751
2020-02-03,山东,0.0082,0.00034804080000000004,0.0003464043856820381
2020-02-03,广东,0.0113,0.0004796172,0.00042271919619249075
2020-02-03,广西,0.0007000000000000001,2.9710800000000007e-05,6.0820470829068594e-05
2020-02-03,江苏,0.011099999999999999,0.0004711284,0.000586761486057315
2020-02-03,江西,0.0015,6.366600000000001e-05,0.00013774258453949507
2020-02-03,河北,0.0059,0.00025041960000000003,0.0003314050527374509
2020-02-03,河南,0.029400000000000006,0.0012478536000000004,0.001299170848516398
2020-02-03,浙江,0.0014000000000000002,5.9421600000000014e-05,0.00010357608506187906
2020-02-03,海南,0.0007000000000000001,2.9710800000000007e-05,0.00032093415139993094
2020-02-03,湖北,0.0007000000000000001,2.9710800000000007e-05,5.0212607740409e-05
2020-02-03,湖南,0.0036000000000000003,0.00015279840000000002,0.00022273169878429206
2020-02-03,甘肃,0.08499999999999999,0.00360774,0.01374005507081894
2020-02-03,福建,0.0007000000000000001,2.9710800000000007e-05,7.538898756660747e-05
2020-02-03,贵州,0.0045000000000000005,0.00019099800000000003,0.000533513966480447
2020-02-03,辽宁,0.0022,9.337680000000001e-05,0.00021420136260408783
2020-02-03,重庆,0.0381,0.0016171164000000002,0.005304751626246954
2020-02-03,陕西,0.0242,0.0010271448,0.002678036418246668
2020-02-03,青海,0.29050000000000004,0.012329982000000001,0.20605605133861427
2020-02-03,黑龙江,0.0029000000000000002,0.0001230876,0.0003248808298360916
2020-02-04,云南,0.0411,0.0013795790399999998,0.002873823643370482
2020-02-04,内蒙古,0.0028000000000000004,9.398592e-05,0.00037089944751381214
2020-02-04,北京,0.005699999999999999,0.00019132847999999995,0.0008814137375040307
2020-02-04,吉林,0.0009,3.0209759999999997e-05,0.00011117033373444761
2020-02-04,四川,0.4120000000000003,0.013829356800000008,0.016579974583383297
2020-02-04,天津,0.0009,3.0209759999999997e-05,0.00019370197486535007
2020-02-04,宁夏,0.0028,9.398591999999999e-05,0.0013785171387083997
2020-02-04,安徽,0.0046,0.00015440544,0.00024417331899550886
2020-02-04,山东,0.0056,0.00018797183999999997,0.00018708803611738146
2020-02-04,广东,0.019100000000000002,0.00064111824,0.0005650610259122157
2020-02-04,广西,0.0009,3.0209759999999997e-05,6.18418833162743e-05
2020-02-04,新疆,0.0028,9.398591999999999e-05,0.0003844523800758384
2020-02-04,江苏,0.0046,0.00015440544,0.00019230249212260096
2020-02-04,河北,0.0056,0.00018797183999999997,0.0002487617484747826
2020-02-04,河南,0.030400000000000003,0.00102041856,0.001062382675689745
2020-02-04,浙江,0.008499999999999999,0.0002853143999999999,0.0004973233397245946
2020-02-04,海南,0.0018,6.0419519999999994e-05,0.00065264777048047
2020-02-04,湖北,0.0018,6.0419519999999994e-05,0.00010211174581713705
2020-02-04,湖南,0.0056,0.00018797183999999997,0.0002740034401329407
2020-02-04,甘肃,0.07659999999999999,0.002571186239999999,0.009792346603394888
2020-02-04,福建,0.0028,9.398591999999999e-05,0.00023848241563055058
2020-02-04,贵州,0.0075,0.000251748,0.0007032067039106145
2020-02-04,辽宁,0.0056,0.00018797183999999997,0.00043119730231917964
2020-02-04,重庆,0.0405,0.0013594392,0.0044594732370433305
2020-02-04,陕西,0.0143,0.00047999952,0.001251484888304862
2020-02-04,青海,0.27190000000000003,0.00912670416,0.15252354958387646
2020-02-04,黑龙江,0.0019,6.377615999999999e-05,0.00016833256789927943
2020-02-05,上海,0.0012,3.203711999999999e-05,0.00013217833301702294
2020-02-05,云南,0.0569,0.00151909344,0.0031644483699614623
2020-02-05,内蒙古,0.0024,6.407423999999999e-05,0.000252858089976322
2020-02-05,北京,0.006,0.00016018559999999999,0.0007379444418851061
2020-02-05,吉林,0.0036,9.611135999999999e-05,0.00035368476832889893
2020-02-05,四川,0.4507000000000001,0.012032608320000002,0.0144258581944611
2020-02-05,天津,0.0012,3.203711999999999e-05,0.0002054188253398307
2020-02-05,宁夏,0.0012,3.203711999999999e-05,0.0004698971824168731
2020-02-05,安徽,0.0084,0.00022425983999999999,0.000354639509140363
2020-02-05,山东,0.0048,0.00012814847999999997,0.0001275459529184134
2020-02-05,山西,0.0048,0.00012814847999999997,0.0003461274055667346
2020-02-05,广东,0.0156,0.00041648255999999996,0.000367074352194606
2020-02-05,广西,0.0024,6.407423999999999e-05,0.00013116528147389967
2020-02-05,新疆,0.0036,9.611135999999999e-05,0.00039314655965835875
2020-02-05,江苏,0.0036,9.611135999999999e-05,0.00011970079583525337
2020-02-05,江西,0.007199999999999999,0.00019222271999999997,0.0004158774582981761
2020-02-05,河北,0.0024,6.407423999999999e-05,8.479578629752655e-05
2020-02-05,河南,0.011999999999999999,0.0003203711999999999,0.00033354627798021854
2020-02-05,浙江,0.0024,6.407423999999999e-05,0.00011168596827610247
2020-02-05,海南,0.0024,6.407423999999999e-05,0.0006921258209471135
2020-02-05,湖南,0.010799999999999999,0.00028833407999999996,0.00042029981633188534
2020-02-05,甘肃,0.07240000000000002,0.0019329062400000004,0.007361461242863836
2020-02-05,福建,0.0048,0.00012814847999999997,0.0003251674194366911
2020-02-05,贵州,0.0024,6.407423999999999e-05,0.00017897832402234633
2020-02-05,辽宁,0.0048,0.00012814847999999997,0.00029396572844263985
2020-02-05,重庆,0.0655,0.0017486927999999999,0.005736371837306417
2020-02-05,陕西,0.0072,0.00019222271999999997,0.0005011751454852637
2020-02-05,青海,0.23520000000000002,0.0062792755200000005,0.10493792439586885
2020-02-06,上海,0.0058,0.00012759767999999998,0.0005264408485918687
2020-02-06,云南,0.0395,0.0008689841999999999,0.0018101951880012497
2020-02-06,内蒙古,0.0014000000000000002,3.079944e-05,0.00012154475138121545
2020-02-06,北京,0.0073,0.00016059707999999999,0.0007398400515962591
2020-02-06,吉林,0.0014000000000000002,3.079944e-05,0.00011334032523376866
2020-02-06,四川,0.4674,0.01028261304,0.012327794077448747
2020-02-06,宁夏,0.0014000000000000002,3.079944e-05,0.0004517437920767391
2020-02-06,安徽,0.0072,0.00015839712,0.00025048567271807195
2020-02-06,山东,0.0057,0.00012539772,0.0001248081264108352
2020-02-06,广东,0.0218,0.00047959127999999993,0.00042269635113696447
2020-02-06,广西,0.0014000000000000002,3.079944e-05,6.304900716479018e-05
2020-02-06,新疆,0.0028000000000000004,6.159888e-05,0.0002519721680226779
2020-02-06,江苏,0.0043,9.459827999999998e-05,0.00011781634762681676
2020-02-06,河北,0.004200000000000001,9.239832e-05,0.0001222798459563543
2020-02-06,河南,0.0159,0.00034979364,0.000364178698594482
2020-02-06,浙江,0.0014000000000000002,3.079944e-05,5.368561966184417e-05
2020-02-06,湖北,0.004200000000000001,9.239832e-05,0.00015615737704918032
2020-02-06,湖南,0.0057,0.00012539772,0.0001827901810442844
2020-02-06,甘肃,0.08789999999999999,0.0019337648399999996,0.007364731215556934
2020-02-06,福建,0.0014000000000000002,3.079944e-05,7.81513321492007e-05
2020-02-06,贵州,0.0028000000000000004,6.159888e-05,0.00017206391061452513
2020-02-06,重庆,0.0338,0.0007435864799999999,0.0024392440698982752
2020-02-06,陕西,0.0115,0.0002529954,0.0006596254927726675
2020-02-06,青海,0.2589000000000001,0.005695696440000001,0.09518527424044923
2020-02-07,上海,0.0013,3.2011199999999996e-05,0.00013207139261814187
2020-02-07,云南,0.045899999999999996,0.0011302416,0.0023544247474221436
2020-02-07,内蒙古,0.0026,6.402239999999999e-05,0.0002526535122336227
2020-02-07,北京,0.0078,0.0001920672,0.0008848168793476758
2020-02-07,四川,0.41759999999999997,0.0102829824,0.012328236902050115
2020-02-07,天津,0.0039,9.60336e-05,0.0006157578866375994
2020-02-07,宁夏,0.0026,6.402239999999999e-05,0.0009390340134058872
2020-02-07,安徽,0.0013,3.2011199999999996e-05,5.062179771016509e-05
2020-02-07,山东,0.0078,0.0001920672,0.00019116414059980652
2020-02-07,山西,0.0026,6.402239999999999e-05,0.0001729236836063581
2020-02-07,广东,0.0104,0.00025608959999999997,0.00022570914859862504
2020-02-07,新疆,0.0039,9.60336e-05,0.00039282847991753487
2020-02-07,江苏,0.0052,0.00012804479999999998,0.00015947193404157272
2020-02-07,江西,0.0026,6.402239999999999e-05,0.0001385136626208866
2020-02-07,河北,0.0065,0.000160056,0.0002118179532310787
2020-02-07,河南,0.03790000000000001,0.0009332496000000002,0.0009716289432587196
2020-02-07,浙江,0.0013,3.2011199999999996e-05,5.579780373017256e-05
2020-02-07,湖南,0.0065,0.000160056,0.00023331098218710826
2020-02-07,甘肃,0.0813,0.0020019312,0.007624342368349893
2020-02-07,福建,0.0026,6.402239999999999e-05,0.00016245216950012685
2020-02-07,贵州,0.0013,3.2011199999999996e-05,8.941675977653631e-05
2020-02-07,辽宁,0.0026,6.402239999999999e-05,0.00014686394604638357
2020-02-07,重庆,0.0539,0.0013272336000000001,0.004353826723920182
2020-02-07,陕西,0.023499999999999997,0.0005786639999999999,0.001508729115825042
2020-02-07,青海,0.26170000000000004,0.0064441008000000015,0.1076924496139577
2020-02-07,黑龙江,0.0026,6.402239999999999e-05,0.00016898250059387124
2020-02-08,上海,0.003,6.40548e-05,0.0002642764607348851
2020-02-08,云南,0.0514,0.0010974722399999999,0.002286162358087699
2020-02-08,内蒙古,0.003,6.40548e-05,0.0002527813733228098
2020-02-08,北京,0.006,0.0001281096,0.0005901764407794719
2020-02-08,四川,0.41790000000000005,0.00892283364,0.010697558614075052
2020-02-08,宁夏,0.0045000000000000005,9.60822e-05,0.001409263849572449
2020-02-08,安徽,0.0075,0.00016013699999999997,0.00025323708014422157
2020-02-08,山东,0.010499999999999999,0.00022419179999999997,0.00022313769751693
2020-02-08,山西,0.0045000000000000005,9.60822e-05,0.00025951679338798335
2020-02-08,广东,0.024100000000000003,0.00051457356,0.0004535286092014807
2020-02-08,广西,0.003,6.40548e-05,0.00013112548618219038
2020-02-08,新疆,0.0075,0.00016013699999999997,0.0006550454662592497
2020-02-08,江苏,0.003,6.40548e-05,7.977631923081712e-05
2020-02-08,江西,0.003,6.40548e-05,0.00013858376062828582
2020-02-08,河北,0.013499999999999998,0.0002882465999999999,0.00038146526739277144
2020-02-08,河南,0.040600000000000004,0.0008668749600000001,0.0009025246850598647
2020-02-08,海南,0.0015,3.20274e-05,0.00034595791565848597
2020-02-08,湖北,0.0015,3.20274e-05,5.4127767449721135e-05
2020-02-08,湖南,0.0075,0.00016013699999999997,0.00023342905454651466
2020-02-08,甘肃,0.07860000000000002,0.0016782357600000001,0.00639155032353154
2020-02-08,辽宁,0.003,6.40548e-05,0.0001469382699057188
2020-02-08,重庆,0.0227,0.00048468132,0.0015899375088160137
2020-02-08,陕西,0.025599999999999998,0.0005466009599999999,0.0014251323446592826
2020-02-08,青海,0.2516,0.005372062559999999,0.08977677328787725
2020-02-08,黑龙江,0.0015,3.20274e-05,8.453400902684298e-05
2020-02-09,上海,0.0017,3.117528e-05,0.00012862256475422684
2020-02-09,云南,0.07569999999999999,0.0013882168799999998,0.0028918172690344753
2020-02-09,内蒙古,0.007,0.00012836880000000002,0.0005065856353591161
2020-02-09,北京,0.0088,0.00016137792000000002,0.0007434372322292349
2020-02-09,吉林,0.0017,3.117528e-05,0.00011472339673883043
2020-02-09,四川,0.43060000000000004,0.007896515040000001,0.009467108308356315
2020-02-09,天津,0.0017,3.117528e-05,0.00019989279302385228
2020-02-09,安徽,0.008499999999999999,0.0001558764,0.00024649946233158324
2020-02-09,山东,0.0034,6.235056e-05,6.205740083843922e-05
2020-02-09,广东,0.017599999999999998,0.00032275584,0.0002844666314119513
2020-02-09,广西,0.0017,3.117528e-05,6.381838280450358e-05
2020-02-09,新疆,0.0052,9.535968e-05,0.0003900717888303943
2020-02-09,江苏,0.0017,3.117528e-05,3.882689649159951e-05
2020-02-09,江西,0.0017,3.117528e-05,6.744830271954306e-05
2020-02-09,河北,0.0034,6.235056e-05,8.251466987811494e-05
2020-02-09,河南,0.0174,0.00031908816,0.0003322104737116085
2020-02-09,浙江,0.0017,3.117528e-05,5.434073557608506e-05
2020-02-09,湖北,0.0034,6.235056e-05,0.00010537529153287138
2020-02-09,湖南,0.0068,0.00012470112,0.0001817747587533891
2020-02-09,甘肃,0.059800000000000006,0.0010966363200000002,0.004176532518823481
2020-02-09,福建,0.0017,3.117528e-05,7.910499873128647e-05
2020-02-09,贵州,0.0087,0.00015954408,0.00044565385474860334
2020-02-09,辽宁,0.0052,9.535968e-05,0.00021874998279540294
2020-02-09,重庆,0.0424,0.0007775481600000001,0.002550651187660534
2020-02-09,陕西,0.019200000000000002,0.0003520972800000001,0.0009180101370377325
2020-02-09,青海,0.2596,0.00476064864,0.07955895317356863
2020-02-10,上海,0.003,6.28884e-05,0.00025946414278523627
2020-02-10,云南,0.06290000000000001,0.0013185601200000003,0.0027467141339443816
2020-02-10,内蒙古,0.0060999999999999995,0.00012787307999999998,0.0005046293606945539
2020-02-10,北京,0.0046,9.642888e-05,0.00044422941908140226
2020-02-10,吉林,0.0015,3.14442e-05,0.00011571300824676256
2020-02-10,四川,0.4518,0.00947099304,0.011354745282340248
2020-02-10,天津,0.0015,3.14442e-05,0.0002016170813028982
2020-02-10,宁夏,0.0015,3.14442e-05,0.00046120066296073567
2020-02-10,安徽,0.0091,0.00019076148000000002,0.0003016659497754444
2020-02-10,山东,0.003,6.28884e-05,6.259271202837795e-05
2020-02-10,山西,0.0015,3.14442e-05,8.493038205464098e-05
2020-02-10,广东,0.0214,0.00044860391999999996,0.00039538508725542033
2020-02-10,广西,0.003,6.28884e-05,0.00012873776867963153
2020-02-10,新疆,0.0015,3.14442e-05,0.0001286234951956706
2020-02-10,江苏,0.0121,0.00025364988,0.00031590534666782905
2020-02-10,江西,0.0015,3.14442e-05,6.803011618095671e-05
2020-02-10,河北,0.003,6.28884e-05,8.322644680597646e-05
2020-02-10,河南,0.022600000000000002,0.00047375928000000005,0.0004932423529411765
2020-02-10,海南,0.0015,3.14442e-05,0.0003396582267542343
2020-02-10,湖北,0.006,0.0001257768,0.00021256853135034645
2020-02-10,湖南,0.0015,3.14442e-05,4.583568992157663e-05
2020-02-10,甘肃,0.08600000000000001,0.0018028008,0.006865955493942591
2020-02-10,贵州,0.003,6.28884e-05,0.0001756659217877095
2020-02-10,辽宁,0.0075,0.000157221,0.00036065652742412775
2020-02-10,重庆,0.0432,0.00090559296,0.0029706864189107183
2020-02-10,陕西,0.015199999999999998,0.00031863455999999997,0.0008307640322883424
2020-02-10,青海,0.2192,0.00459504576,0.07679143286874561
2020-02-11,上海,0.008199999999999999,0.000179334,0.0007398938847585176
2020-02-11,云南,0.0188,0.00041115600000000003,0.0008564857827309656
2020-02-11,内蒙古,0.0037,8.0919e-05,0.0003193330702446724
2020-02-11,北京,0.012,0.00026244,0.0012090109181370065
2020-02-11,吉林,0.004699999999999999,0.00010278899999999998,0.0003782581336041774
2020-02-11,四川,0.0419,0.0009163530000000001,0.0010986128761539386
2020-02-11,天津,0.0059,0.000129033,0.0008273467555783534
2020-02-11,安徽,0.0335,0.0007326450000000001,0.0011585884622683283
2020-02-11,山东,0.0549,0.001200663,0.0011950177362141246
2020-02-11,山西,0.0083,0.000181521,0.0004902858994962659
2020-02-11,广东,0.11800000000000002,0.0025806600000000007,0.002274510840824961
2020-02-11,广西,0.0204,0.00044614800000000005,0.0009133019447287616
2020-02-11,江苏,0.0317,0.000693279,0.000863436414133237
2020-02-11,江西,0.0124,0.000271188,0.0005867203219315896
2020-02-11,河北,0.037200000000000004,0.0008135640000000001,0.0010766697987110096
2020-02-11,河南,0.029599999999999998,0.000647352,0.0006739739718896408
2020-02-11,海南,0.0036,7.8732e-05,0.0008504580020739716
2020-02-11,湖北,0.0036,7.8732e-05,0.00013306067263816124
2020-02-11,湖南,0.08650000000000001,0.0018917550000000002,0.0027575799539372036
2020-02-11,福建,0.0097,0.00021213900000000002,0.0005382872367419437
2020-02-11,贵州,0.0129,0.000282123,0.0007880530726256984
2020-02-11,辽宁,0.0066,0.000144342,0.00033111279333838
2020-02-11,重庆,0.0105,0.00022963500000000003,0.0007532893981492114
2020-02-11,陕西,0.0098,0.000214326,0.0005588042049934298
2020-02-12,云南,0.09219999999999999,0.0017445715199999995,0.003634145443183001
2020-02-12,内蒙古,0.0017,3.216671999999999e-05,0.00012694048934490919
2020-02-12,北京,0.0051,9.650015999999999e-05,0.0004445577924171925
2020-02-12,四川,0.4292000000000001,0.00812115072,0.009736423354513846
2020-02-12,天津,0.0068000000000000005,0.00012866688,0.0008249992305719416
2020-02-12,安徽,0.0085,0.00016083359999999997,0.0002543386678474286
2020-02-12,山东,0.0068,0.00012866687999999997,0.0001280619155111254
2020-02-12,广东,0.025500000000000002,0.00048250079999999997,0.0004252607086197778
2020-02-12,广西,0.0034,6.433343999999999e-05,0.00013169588536335718
2020-02-12,江西,0.0017,3.216671999999999e-05,6.959330174595961e-05
2020-02-12,河北,0.0017,3.216671999999999e-05,4.256940566150099e-05
2020-02-12,河南,0.017,0.00032166719999999994,0.00033489557522123884
2020-02-12,浙江,0.0017,3.216671999999999e-05,5.6068886177444644e-05
2020-02-12,湖北,0.0068,0.00012866687999999997,0.00021745289842825752
2020-02-12,湖南,0.0204,0.00038600063999999994,0.0005626667444097839
2020-02-12,甘肃,0.07849999999999997,0.0014853455999999992,0.005656929363867294
2020-02-12,贵州,0.0017,3.216671999999999e-05,8.985117318435752e-05
2020-02-12,辽宁,0.0034,6.433343999999999e-05,0.00014757745509600163
2020-02-12,重庆,0.044500000000000005,0.0008420112,0.002762114268656325
2020-02-12,陕西,0.0050999999999999995,9.650015999999997e-05,0.0002516012765158625
2020-02-12,青海,0.2361,0.004467389759999999,0.07465807279655066
2020-02-13,上海,0.0041,9.697320000000001e-05,0.0004000907673138651
2020-02-13,云南,0.09149999999999998,0.0021641579999999994,0.0045081928965732725
2020-02-13,内蒙古,0.0039,9.224279999999999e-05,0.0003640205209155485
2020-02-13,北京,0.0109,0.00025780679999999997,0.001187666651310637
2020-02-13,四川,0.36920000000000003,0.008732318400000001,0.010469150461575353
2020-02-13,安徽,0.009399999999999999,0.00022232879999999996,0.0003515858055537984
2020-02-13,山东,0.0054,0.0001277208,0.000127120283779426
2020-02-13,山西,0.0697,0.0016485444,0.004452697340878091
2020-02-13,广东,0.0054,0.0001277208,0.00011256901110523533
2020-02-13,广西,0.0013,3.07476e-05,6.294288638689866e-05
2020-02-13,新疆,0.0067,0.0001584684,0.0006482200051540699
2020-02-13,江苏,0.0067,0.0001584684,0.00019736265926045856
2020-02-13,河北,0.0026,6.14952e-05,8.138268729404602e-05
2020-02-13,河南,0.013399999999999999,0.0003169368,0.0003299706402915148
2020-02-13,浙江,0.0013,3.07476e-05,5.35952588460868e-05
2020-02-13,湖北,0.0013,3.07476e-05,5.196484705087037e-05
2020-02-13,湖南,0.0078,0.00018448559999999998,0.0002689216057840879
2020-02-13,甘肃,0.0915,0.002164158,0.008242182114551872
2020-02-13,福建,0.0026,6.14952e-05,0.00015603958386196395
2020-02-13,贵州,0.0039,9.224279999999999e-05,0.00025766145251396647
2020-02-13,辽宁,0.0054,0.0001277208,0.00029298465349941505
2020-02-13,重庆,0.0273,0.0006456996,0.002118138189166227
2020-02-13,陕西,0.0081,0.00019158119999999998,0.000499502534259433
2020-02-13,青海,0.2463,0.0058254876,0.09735431665496841
2020-02-14,上海,0.0029,6.445655999999999e-05,0.00026593403691754195
2020-02-14,云南,0.053599999999999995,0.0011913350399999998,0.002481689490678054
2020-02-14,内蒙古,0.0071,0.00015780744000000002,0.0006227602209944752
2020-02-14,北京,0.0131,0.00029116584,0.0013413453724604966
2020-02-14,四川,0.39440000000000014,0.008766092160000002,0.010509641721616116
2020-02-14,安徽,0.004200000000000001,9.335088000000001e-05,0.00014762299955721426
2020-02-14,山东,0.01,0.000222264,0.0002212189616252822
2020-02-14,山西,0.1122,0.00249380208,0.006735727524410172
2020-02-14,广东,0.0144,0.00032006016,0.00028209074563722897
2020-02-14,广西,0.0014000000000000002,3.1116960000000004e-05,6.369899692937565e-05
2020-02-14,新疆,0.0071,0.00015780744000000002,0.0006455163273570668
2020-02-14,江苏,0.0014000000000000002,3.1116960000000004e-05,3.875426251354415e-05
2020-02-14,江西,0.0057,0.00012669048,0.00027409722853248526
2020-02-14,河北,0.0028000000000000004,6.223392000000001e-05,8.236030861665101e-05
2020-02-14,河南,0.01,0.000222264,0.0002314044768349818
2020-02-14,海南,0.0057,0.00012669048,0.0013685024196335982
2020-02-14,湖北,0.0014000000000000002,3.1116960000000004e-05,5.258908230522225e-05
2020-02-14,湖南,0.01,0.000222264,0.0003239905542112475
2020-02-14,甘肃,0.08289999999999999,0.0018425685599999997,0.007017410757471311
2020-02-14,福建,0.0029,6.445655999999999e-05,0.0001635538188277087
2020-02-14,贵州,0.0057,0.00012669048,0.00035388402234636874
2020-02-14,重庆,0.0408,0.00090683712,0.0029747677328985744
2020-02-14,陕西,0.0057,0.00012669048,0.00033031537450722734
2020-02-14,青海,0.20080000000000003,0.004463061120000001,0.07458573348039708
2020-02-15,云南,0.0771,0.0014238828,0.0029661135298406417
2020-02-15,内蒙古,0.0017,3.13956e-05,0.0001238973954222573
2020-02-15,北京,0.0052,9.603360000000001e-05,0.00044240843967383796
2020-02-15,四川,0.4238999999999999,0.007828585199999998,0.009385667425968108
2020-02-15,宁夏,0.0017,3.13956e-05,0.0004604878334971179
2020-02-15,安徽,0.0052,9.603360000000001e-05,0.0001518653931304953
2020-02-15,山西,0.0050999999999999995,9.41868e-05,0.00025439734222858457
2020-02-15,广东,0.020900000000000002,0.0003859812000000001,0.00034019143310417773
2020-02-15,广西,0.0017,3.13956e-05,6.426939611054248e-05
2020-02-15,新疆,0.0069,0.00012742920000000002,0.0005212531752751906
2020-02-15,江苏,0.0017,3.13956e-05,3.9101291519808704e-05
2020-02-15,江西,0.0035,6.463800000000001e-05,0.00013984552476147208
2020-02-15,河北,0.0068,0.0001255824,0.00016619562484284636
2020-02-15,河南,0.0121,0.0002234628,0.00023265257678292556
2020-02-15,湖北,0.0069,0.00012742920000000002,0.00021536116275139433
2020-02-15,湖南,0.0087,0.0001606716,0.00023420833211859713
2020-02-15,甘肃,0.0628,0.0011597904,0.004417054434800493
2020-02-15,福建,0.0017,3.13956e-05,7.966404465871606e-05
2020-02-15,贵州,0.0034,6.27912e-05,0.00017539441340782124
2020-02-15,辽宁,0.0017,3.13956e-05,7.201981969582274e-05
2020-02-15,重庆,0.0421,0.0007775028000000001,0.002550502389754727
2020-02-15,陕西,0.0104,0.00019206720000000002,0.0005007696639759715
2020-02-15,青海,0.2858,0.0052781544,0.08820739997994585
2020-02-16,上海,0.0033,6.383124e-05,0.00026335409979453574
2020-02-16,云南,0.0752,0.0014545785600000001,0.0030300563691282164
2020-02-16,内蒙古,0.005,9.671400000000001e-05,0.0003816653512233623
2020-02-16,北京,0.0016,3.094848e-05,0.00014257373197586033
2020-02-16,吉林,0.0016,3.094848e-05,0.00011388878462370697
2020-02-16,四川,0.44639999999999996,0.00863462592,0.010352027238940175
2020-02-16,天津,0.0016,3.094848e-05,0.00019843857399333165
2020-02-16,宁夏,0.0016,3.094848e-05,0.00045392980243183387
2020-02-16,安徽,0.0016,3.094848e-05,4.894123600480739e-05
2020-02-16,山东,0.0049,9.477972e-05,9.433408577878105e-05
2020-02-16,山西,0.0066,0.00012766248,0.0003448147257822734
2020-02-16,广东,0.0184,0.00035590752,0.00031368545742993124
2020-02-16,广西,0.0032,6.189696e-05,0.0001267082088024565
2020-02-16,新疆,0.0149,0.00028820772,0.0011789227993962376
2020-02-16,江苏,0.009800000000000001,0.00018955944000000004,0.00023608464000597813
2020-02-16,江西,0.0033,6.383124e-05,0.0001381000843772311
2020-02-16,河北,0.0064,0.00012379392,0.00016382875216706589
2020-02-16,河南,0.019700000000000002,0.00038105316,0.0003967237480478917
2020-02-16,浙江,0.0016,3.094848e-05,5.39454070071466e-05
2020-02-16,海南,0.0016,3.094848e-05,0.0003343034911856205
2020-02-16,湖南,0.009800000000000001,0.00018955944000000004,0.0002763176583773069
2020-02-16,甘肃,0.06670000000000001,0.0012901647600000001,0.004913584363848255
2020-02-16,福建,0.0032,6.189696e-05,0.0001570590205531591
2020-02-16,贵州,0.0016,3.094848e-05,8.644826815642459e-05
2020-02-16,辽宁,0.0032,6.189696e-05,0.00014198830087399354
2020-02-16,重庆,0.04019999999999999,0.0007775805599999999,0.002550757471878967
2020-02-16,陕西,0.0099,0.00019149372000000001,0.0004992744509104562
2020-02-16,青海,0.23270000000000002,0.00450106956,0.07522092249072496
2020-02-17,上海,0.0032,6.438528000000001e-05,0.00026563995082061904
2020-02-17,云南,0.059399999999999994,0.00119515176,0.0024896401624830747
2020-02-17,内蒙古,0.0032,6.438528000000001e-05,0.00025408555643251777
2020-02-17,北京,0.0032,6.438528000000001e-05,0.00029661067858294563
2020-02-17,四川,0.4134,0.008317773359999999,0.00997215365064141
2020-02-17,天津,0.0016,3.2192640000000004e-05,0.00020641600410361636
2020-02-17,安徽,0.0016,3.2192640000000004e-05,5.090872287937251e-05
2020-02-17,山东,0.0176,0.00035411904,0.0003524540470815866
2020-02-17,山西,0.0321,0.0006458648399999999,0.0017444726727618943
2020-02-17,广东,0.020800000000000003,0.00041850432000000007,0.00036885626652564783
2020-02-17,广西,0.0016,3.2192640000000004e-05,6.590100307062437e-05
2020-02-17,新疆,0.0016,3.2192640000000004e-05,0.0001316850127011008
2020-02-17,江苏,0.0032,6.438528000000001e-05,8.018791177313091e-05
2020-02-17,河北,0.0048000000000000004,9.657792e-05,0.00012781112449214562
2020-02-17,河南,0.008,0.0001609632,0.0001675827173347215
2020-02-17,浙江,0.0016,3.2192640000000004e-05,5.611406658532335e-05
2020-02-17,海南,0.0016,3.2192640000000004e-05,0.0003477428275146907
2020-02-17,湖北,0.0032,6.438528000000001e-05,0.00010881406117965186
2020-02-17,湖南,0.0016,3.2192640000000004e-05,4.692667852249206e-05
2020-02-17,甘肃,0.08670000000000001,0.0017444386800000002,0.006643683727448957
2020-02-17,福建,0.0016,3.2192640000000004e-05,8.168647551382899e-05
2020-02-17,贵州,0.0016,3.2192640000000004e-05,8.992357541899442e-05
2020-02-17,辽宁,0.0048000000000000004,9.657792e-05,0.000221544559906407
2020-02-17,重庆,0.0273,0.0005492869200000001,0.0018018682403729137
2020-02-17,陕西,0.011200000000000002,0.00022534848000000003,0.0005875427069645205
2020-02-17,青海,0.2785,0.0056035314,0.09364503158528026
2020-02-17,黑龙江,0.0032,6.438528000000001e-05,0.00016994029614379605
2020-02-18,上海,0.0034,6.44436e-05,0.0002658805667181014
2020-02-18,云南,0.0631,0.0011959974,0.002491401728986564
2020-02-18,内蒙古,0.0017,3.22218e-05,0.0001271578531965272
2020-02-18,北京,0.0051,9.66654e-05,0.00044531902151379737
2020-02-18,四川,0.4371999999999999,0.008286688799999997,0.0099348864644527
2020-02-18,天津,0.0017,3.22218e-05,0.0002066029751218261
2020-02-18,安徽,0.0102,0.0001933308,0.00030572901511797076
2020-02-18,山东,0.011899999999999999,0.00022555259999999997,0.00022449209932279908
2020-02-18,山西,0.0051,9.66654e-05,0.00026109200912933676
2020-02-18,广东,0.011899999999999999,0.00022555259999999997,0.0001987948175568482
2020-02-18,广西,0.0017,3.22218e-05,6.596069600818832e-05
2020-02-18,新疆,0.0017,3.22218e-05,0.00013180429260390973
2020-02-18,江苏,0.0050999999999999995,9.666539999999998e-05,0.00012039081862677939
2020-02-18,河北,0.010199999999999999,0.00019333079999999997,0.00025585379087648713
2020-02-18,河南,0.013600000000000001,0.0002577744,0.00026837522123893804
2020-02-18,浙江,0.0017,3.22218e-05,5.616489454418685e-05
2020-02-18,湖北,0.0034,6.44436e-05,0.0001089126246408653
2020-02-18,湖南,0.0017,3.22218e-05,4.696918457187837e-05
2020-02-18,甘肃,0.09379999999999998,0.0017778851999999995,0.0067710645882447015
2020-02-18,福建,0.0034,6.44436e-05,0.000163520933773154
2020-02-18,贵州,0.0034,6.44436e-05,0.00018001005586592179
2020-02-18,辽宁,0.0051,9.66654e-05,0.00022174523432661207
2020-02-18,重庆,0.0341,0.0006463313999999999,0.0021202107314256848
2020-02-18,陕西,0.0034,6.44436e-05,0.0001680214004129904
2020-02-18,青海,0.26309999999999995,0.004986797399999999,0.0833383034192319
2020-02-18,黑龙江,0.0017,3.22218e-05,8.504711378573124e-05
